pred,prey
Pomatoschistus microps,Pomatoschistus minutus
Pomatoschistus microps,Pomatoschistus microps
Salmo trutta,Neogobius melanostomus
Salmo trutta,Salvelinus alpinus
Salmo trutta,Cheimarrichthys fosteri
Salmo trutta,Leucaspius delineatus
Salmo trutta,Cottus gobio
Salmo trutta,Leuciscus leuciscus
Paralichthys olivaceus,Engraulis japonicus
Paralichthys olivaceus,Scomberomorus niphonius
Paralichthys olivaceus,Sillago sihama
Paralichthys olivaceus,Paralichthys olivaceus
Cottus aleuticus,Rhinichthys osculus
Cottus aleuticus,Oncorhynchus gorbuscha
Cottus aleuticus,Oncorhynchus keta
Richardsonius balteatus,Richardsonius balteatus
Richardsonius balteatus,Xyrauchen texanus
Morone chrysops,Gambusia affinis
Morone chrysops,Pomoxis nigromaculatus
Morone chrysops,Lepomis macrochirus
Morone chrysops,Sander vitreus
Morone chrysops,Dorosoma cepedianum
Morone chrysops,Perca flavescens
Morone chrysops,Cyprinus carpio
Morone chrysops,Morone chrysops
Coregonus peled,Coregonus lavaretus
Coregonus peled,Pungitius pungitius
Coregonus peled,Phoxinus phoxinus
Coregonus peled,Cottus gobio
Coregonus peled,Coregonus albula
Scardinius erythrophthalmus,Pseudorasbora parva
Engraulis japonicus,Engraulis japonicus
Auxis thazard,Trachurus japonicus
Auxis thazard,Katsuwonus pelamis
Auxis thazard,Auxis thazard
Clupea harengus,Anguilla anguilla
Clupea harengus,Pleuronectes platessa
Clupea harengus,Gadus morhua
Clupea harengus,Clupea harengus
Neolamprologus savoryi,Julidochromis marlieri
Pygocentrus nattereri,Astyanax bimaculatus
Hepsetus odoe,Synodontis schall
Hepsetus odoe,Schilbe mystus
Xiphias gladius,Salmo salar
Xiphias gladius,Xiphias gladius
Xiphias gladius,Engraulis mordax
Xiphias gladius,Scomber scombrus
Xiphias gladius,Clupea harengus
Xiphias gladius,Scomber japonicus
Xiphias gladius,Boops boops
Xiphias gladius,Stenotomus chrysops
Xiphias gladius,Anguilla anguilla
Xiphias gladius,Centropristis striata
Xiphias gladius,Gadus morhua
Holacanthus passer,Abudefduf troschelii
Sander volgensis,Gobio gobio
Pagellus bogaraveo,Gobius paganellus
Huso huso,Atherina boyeri
Huso huso,Leuciscus aspius
Huso huso,Rutilus frisii
Huso huso,Carassius carassius
Huso huso,Scorpaena porcus
Huso huso,Acipenser ruthenus
Huso huso,Rutilus rutilus
Huso huso,Cyprinus carpio
Huso huso,Scomber scombrus
Huso huso,Alosa sapidissima
Huso huso,Misgurnus fossilis
Huso huso,Platichthys flesus
Huso huso,Scardinius erythrophthalmus
Huso huso,Gasterosteus aculeatus
Huso huso,Acipenser stellatus
Huso huso,Vimba vimba
Huso huso,Sander lucioperca
Huso huso,Abramis brama
Huso huso,Neogobius fluviatilis
Huso huso,Neogobius melanostomus
Eleotris fusca,Redigobius bikolanus
Eleotris fusca,Eleotris acanthopoma
Pleuronectes platessa,Anguilla anguilla
Pleuronectes platessa,Clupea harengus
Pleuronectes platessa,Gadus morhua
Pleuronectes platessa,Pomatoschistus minutus
Pleuronectes platessa,Blennius ocellaris
Pleuronectes platessa,Pleuronectes platessa
Silurus glanis,Perca fluviatilis
Silurus glanis,Salmo salar
Silurus glanis,Abramis brama
Silurus glanis,Alburnus alburnus
Silurus glanis,Blicca bjoerkna
Silurus glanis,Scardinius erythrophthalmus
Silurus glanis,Cyprinus carpio
Silurus glanis,Rutilus rutilus
Silurus glanis,Vimba vimba
Silurus glanis,Luciobarbus brachycephalus
Silurus glanis,Alosa caspia
Silurus glanis,Rutilus frisii
Silurus glanis,Carassius carassius
Silurus glanis,Neogobius fluviatilis
Silurus glanis,Tinca tinca
Silurus glanis,Esox lucius
Silurus glanis,Silurus glanis
Silurus glanis,Barbus caninus
Silurus glanis,Sabanejewia larvata
Silurus glanis,Alburnus arborella
Silurus glanis,Syngnathus abaster
Silurus glanis,Atherina boyeri
Silurus glanis,Chondrostoma soetta
Silurus glanis,Salmo labrax
Silurus glanis,Telestes muticellus
Silurus glanis,Rutilus aula
Silurus glanis,Acipenser naccarii
Silurus glanis,Salmo marmoratus
Silurus glanis,Alosa fallax
Silurus glanis,Hypophthalmichthys molitrix
Silurus glanis,Cobitis bilineata
Silurus glanis,Cobitis taenia
Silurus glanis,Telestes souffia
Silurus glanis,Padogobius bonelli
Silurus glanis,Pseudorasbora parva
Silurus glanis,Squalius cephalus
Silurus glanis,Salvelinus namaycush
Silurus glanis,Ctenopharyngodon idella
Silurus glanis,Gasterosteus aculeatus
Silurus glanis,Carassius auratus
Silurus glanis,Rutilus pigus
Silurus glanis,Alosa alosa
Silurus glanis,Parachondrostoma toxostoma
Silurus glanis,Ponticola kessleri
Silurus glanis,Leucaspius delineatus
Silurus glanis,Hypophthalmichthys nobilis
Silurus glanis,Salaria fluviatilis
Silurus glanis,Phoxinus phoxinus
Silurus glanis,Gobio gobio
Silurus glanis,Rhodeus amarus
Silurus glanis,Chondrostoma nasus
Silurus glanis,Leuciscus leuciscus
Silurus glanis,Barbus barbus
Silurus glanis,Thymallus thymallus
Silurus glanis,Acipenser sturio
Silurus glanis,Barbus plebejus
Silurus glanis,Gymnocephalus cernua
Silurus glanis,Barbatula barbatula
Silurus glanis,Sander lucioperca
Silurus glanis,Oncorhynchus mykiss
Silurus glanis,Lota lota
Silurus glanis,Cottus gobio
Silurus glanis,Micropterus salmoides
Silurus glanis,Neogobius melanostomus
Silurus glanis,Salmo trutta
Silurus glanis,Anguilla anguilla
Silurus glanis,Lepomis gibbosus
Silurus glanis,Salvelinus fontinalis
Dorosoma cepedianum,Dorosoma cepedianum
Chitala chitala,Cyprinus carpio
Chitala chitala,Labeo rohita
Hiodon alosoides,Notropis hudsonius
Hiodon alosoides,Percopsis omiscomaycus
Hiodon alosoides,Percina caprodes
Hiodon alosoides,Culaea inconstans
Hiodon alosoides,Pungitius pungitius
Hiodon alosoides,Esox lucius
Hiodon alosoides,Perca flavescens
Labroides dimidiatus,Ctenochaetus striatus
Limnothrissa miodon,Stolothrissa tanganicae
Leptocottus armatus,Atherinops affinis
Leptocottus armatus,Leptocottus armatus
Leptocottus armatus,Cymatogaster aggregata
Leptocottus armatus,Parophrys vetulus
Leptocottus armatus,Gasterosteus aculeatus
Trachurus japonicus,Engraulis japonicus
Hypoplectrus nigricans,Scartella cristata
Hypoplectrus nigricans,Parablennius marmoreus
Megalops atlanticus,Megalops atlanticus
Bagrus docmak,Mastacembelus frenatus
Bagrus docmak,Oreochromis esculentus
Bagrus docmak,Brycinus nurse
Bagrus docmak,Clarias gariepinus
Bagrus docmak,Synodontis schall
Platichthys flesus,Pomatoschistus minutus
Platichthys flesus,Alosa fallax
Platichthys flesus,Pomatoschistus microps
Platichthys flesus,Pleuronectes platessa
Platichthys flesus,Solea solea
Platichthys flesus,Rutilus rutilus
Platichthys flesus,Clupea harengus
Platichthys flesus,Platichthys flesus
Trematomus pennellii,Notothenia rossii
Trematomus pennellii,Trematomus bernacchii
Trematomus pennellii,Trematomus hansoni
Trematomus pennellii,Notothenia coriiceps
Trematomus pennellii,Trematomus pennellii
Paralichthys californicus,Hypsurus caryi
Paralichthys californicus,Halichoeres semicinctus
Paralichthys californicus,Oxyjulis californica
Paralichthys californicus,Chromis punctipinnis
Paralichthys californicus,Paralabrax nebulifer
Paralichthys californicus,Hypsypops rubicundus
Paralichthys californicus,Paralabrax clathratus
Paralichthys californicus,Girella nigricans
Paralichthys californicus,Cymatogaster aggregata
Paralichthys californicus,Paralichthys californicus
Paralichthys californicus,Atherinops affinis
Paralichthys californicus,Engraulis mordax
Paralichthys californicus,Acanthogobius flavimanus
Paralichthys californicus,Sardinops sagax
Paralichthys californicus,Scomber japonicus
Paralichthys californicus,Gillichthys mirabilis
Paralichthys californicus,Parophrys vetulus
Micropterus dolomieu,Percopsis transmontana
Micropterus dolomieu,Notropis hudsonius
Micropterus dolomieu,Gambusia affinis
Micropterus dolomieu,Fundulus diaphanus
Micropterus dolomieu,Oncorhynchus nerka
Micropterus dolomieu,Etheostoma caeruleum
Micropterus dolomieu,Oncorhynchus kisutch
Micropterus dolomieu,Oncorhynchus mykiss
Micropterus dolomieu,Lepomis megalotis
Micropterus dolomieu,Etheostoma nigrum
Micropterus dolomieu,Cottus bairdii
Micropterus dolomieu,Perca flavescens
Micropterus dolomieu,Oncorhynchus tshawytscha
Micropterus dolomieu,Coregonus artedi
Micropterus dolomieu,Micropterus dolomieu
Micropterus dolomieu,Percina caprodes
Micropterus dolomieu,Hybognathus hankinsoni
Micropterus dolomieu,Catostomus commersonii
Micropterus dolomieu,Gymnocephalus cernua
Micropterus dolomieu,Coregonus clupeaformis
Micropterus dolomieu,Lepomis gibbosus
Micropterus dolomieu,Osmerus mordax
Micropterus dolomieu,Salvelinus namaycush
Micropterus dolomieu,Ameiurus nebulosus
Micropterus dolomieu,Micropterus salmoides
Micropterus dolomieu,Notemigonus crysoleucas
Centropristis striata,Cyprinodon variegatus
Centropristis striata,Halichoeres bivittatus
Centropristis striata,Stenotomus chrysops
Centropristis striata,Cyprinodon artifrons
Centropristis striata,Anchoa mitchilli
Centropristis striata,Clupea harengus
Amia calva,Etheostoma exile
Amia calva,Ambloplites rupestris
Amia calva,Lepomis gibbosus
Amia calva,Lepomis megalotis
Amia calva,Esox americanus
Amia calva,Lepomis macrochirus
Amia calva,Micropterus dolomieu
Amia calva,Micropterus salmoides
Amia calva,Cyprinus carpio
Amia calva,Dorosoma cepedianum
Amia calva,Perca flavescens
Amia calva,Umbra limi
Gobio gobio,Squalius cephalus
Gobiomorphus breviceps,Gobiomorphus breviceps
Gadus morhua,Anguilla anguilla
Gadus morhua,Pleuronectes platessa
Gadus morhua,Clupea harengus
Gadus morhua,Alosa pseudoharengus
Gadus morhua,Gasterosteus aculeatus
Gadus morhua,Scomber scombrus
Gadus morhua,Osmerus eperlanus
Gadus morhua,Platichthys flesus
Gadus morhua,Zoarces viviparus
Gadus morhua,Pomatoschistus minutus
Morone americana,Osmerus mordax
Morone americana,Sander vitreus
Morone americana,Morone chrysops
Morone americana,Morone americana
Morone americana,Anchoa mitchilli
Morone americana,Lepomis gibbosus
Elops saurus,Anchoa mitchilli
Elops saurus,Lagodon rhomboides
Elops saurus,Poecilia latipinna
Elops saurus,Cyprinodon variegatus
Elops saurus,Mugil curema
Elops machnata,Gilchristella aestuaria
Elops machnata,Oreochromis mossambicus
Elops hawaiensis,Chanos chanos
Elops hawaiensis,Oreochromis mossambicus
Perca fluviatilis,Clupea harengus
Perca fluviatilis,Gymnocephalus cernua
Perca fluviatilis,Lepomis gibbosus
Perca fluviatilis,Rutilus rutilus
Perca fluviatilis,Neogobius melanostomus
Perca fluviatilis,Platichthys flesus
Perca fluviatilis,Rhodeus amarus
Perca fluviatilis,Abramis brama
Perca fluviatilis,Carassius carassius
Perca fluviatilis,Phoxinus phoxinus
Perca fluviatilis,Gasterosteus aculeatus
Perca fluviatilis,Alburnus alburnus
Perca fluviatilis,Blicca bjoerkna
Perca fluviatilis,Esox lucius
Perca fluviatilis,Oncorhynchus mykiss
Perca fluviatilis,Scardinius erythrophthalmus
Perca fluviatilis,Salmo salar
Perca fluviatilis,Perca fluviatilis
Perca fluviatilis,Coregonus albula
Perca fluviatilis,Sander lucioperca
Perca fluviatilis,Osmerus eperlanus
Perca fluviatilis,Anguilla anguilla
Schilbe mystus,Micralestes acutidens
Schilbe mystus,Brycinus nurse
Schilbe mystus,Sierrathrissa leonensis
Schilbe mystus,Lates niloticus
Schilbe mystus,Schilbe intermedius
Schilbe mystus,Brycinus macrolepidotus
Schilbe mystus,Brycinus longipinnis
Schilbe mystus,Marcusenius macrolepidotus
Schilbe mystus,Limnothrissa miodon
Acipenser transmontanus,Thaleichthys pacificus
Acipenser transmontanus,Alosa sapidissima
Scomberomorus niphonius,Engraulis japonicus
Scomberomorus niphonius,Acanthopagrus schlegelii
Scomberomorus niphonius,Trachurus japonicus
Scomberomorus niphonius,Scomber japonicus
Synodontis zambezensis,Limnothrissa miodon
Anchoa mitchilli,Leiostomus xanthurus
Anchoa mitchilli,Anchoa mitchilli
Channa micropeltes,Oreochromis niloticus
Trinectes maculatus,Trinectes maculatus
Anguilla marmorata,Poecilia reticulata
Sander canadensis,Platygobio gracilis
Sander canadensis,Percopsis omiscomaycus
Sander canadensis,Pomoxis nigromaculatus
Sander canadensis,Aplodinotus grunniens
Sander canadensis,Notropis atherinoides
Sander canadensis,Sander vitreus
Sander canadensis,Morone chrysops
Sander canadensis,Lota lota
Sander canadensis,Perca flavescens
Sander canadensis,Dorosoma cepedianum
Sander canadensis,Sander canadensis
Sander canadensis,Percina caprodes
Sander canadensis,Lepomis macrochirus
Sander canadensis,Ameiurus nebulosus
Sander canadensis,Lepomis gibbosus
Sander canadensis,Hiodon alosoides
Sander canadensis,Polyodon spathula
Sander canadensis,Alburnus alburnus
Sander canadensis,Rutilus rutilus
Notothenia rossii,Gobionotothen gibberifrons
Notothenia rossii,Trematomus hansoni
Oncorhynchus clarkii,Salvelinus alpinus
Oncorhynchus clarkii,Oncorhynchus kisutch
Oncorhynchus clarkii,Cottus aleuticus
Oncorhynchus clarkii,Oncorhynchus gorbuscha
Oncorhynchus clarkii,Oncorhynchus keta
Oncorhynchus clarkii,Engraulis mordax
Oncorhynchus clarkii,Oncorhynchus nerka
Oncorhynchus clarkii,Clupea pallasii
Oncorhynchus clarkii,Oncorhynchus tshawytscha
Oncorhynchus clarkii,Richardsonius balteatus
Oncorhynchus clarkii,Oncorhynchus clarkii
Alosa macedonica,Alburnus alburnus
Alosa macedonica,Knipowitschia caucasica
Alosa macedonica,Rutilus rutilus
Oncorhynchus keta,Clupea pallasii
Hydrocynus brevis,Schilbe mystus
Kajikia audax,Pseudocaranx dentex
Kajikia audax,Sardinops sagax
Kajikia audax,Engraulis mordax
Kajikia audax,Scomber japonicus
Kajikia audax,Xiphias gladius
Kajikia audax,Auxis rochei
Kajikia audax,Auxis thazard
Anguilla rostrata,Alosa pseudoharengus
Anguilla rostrata,Ameiurus nebulosus
Anguilla rostrata,Lepomis gibbosus
Anguilla rostrata,Alosa sapidissima
Anguilla rostrata,Etheostoma nigrum
Anguilla rostrata,Percopsis omiscomaycus
Anguilla rostrata,Perca flavescens
Anguilla rostrata,Percina caprodes
Galaxias vulgaris,Gobiomorphus breviceps
Galaxias vulgaris,Galaxias vulgaris
Anguilla anguilla,Pleuronectes platessa
Anguilla anguilla,Clupea harengus
Anguilla anguilla,Gadus morhua
Anguilla anguilla,Lepomis gibbosus
Anguilla anguilla,Micropterus salmoides
Anguilla anguilla,Perca fluviatilis
Anguilla anguilla,Pomatoschistus minutus
Anguilla anguilla,Gasterosteus aculeatus
Anguilla anguilla,Cottus gobio
Anguilla anguilla,Phoxinus phoxinus
Anguilla anguilla,Salmo trutta
Anguilla anguilla,Anguilla anguilla
Anguilla anguilla,Blicca bjoerkna
Anguilla anguilla,Gymnocephalus cernua
Anguilla anguilla,Sander lucioperca
Anguilla anguilla,Abramis brama
Anguilla anguilla,Osmerus eperlanus
Anguilla anguilla,Rutilus rutilus
Sperata seenghala,Cyprinus carpio
Atherinops affinis,Atherinops affinis
Lepisosteus osseus,Anchoa mitchilli
Lepisosteus osseus,Alosa pseudoharengus
Lepisosteus osseus,Strongylura marina
Lepisosteus osseus,Pylodictis olivaris
Bathygobius soporator,Scartella cristata
Bathygobius soporator,Bathygobius soporator
Bathygobius fuscus,Bathygobius fuscus
Galaxias brevipinnis,Retropinna retropinna
Galaxias brevipinnis,Oncorhynchus mykiss
Galaxias brevipinnis,Gobiomorphus cotidianus
Galaxias brevipinnis,Galaxias brevipinnis
Chaenocephalus aceratus,Notothenia rossii
Chaenocephalus aceratus,Gobionotothen gibberifrons
Chaenocephalus aceratus,Chaenocephalus aceratus
Chaenocephalus aceratus,Lindbergichthys nudifrons
Chaenocephalus aceratus,Trematomus hansoni
Thymallus thymallus,Oncorhynchus nerka
Thymallus thymallus,Gasterosteus aculeatus
Lates niloticus,Bagrus docmak
Lates niloticus,Oreochromis niloticus
Lates niloticus,Clarias gariepinus
Lates niloticus,Lates niloticus
Lates niloticus,Brycinus nurse
Lates niloticus,Brycinus macrolepidotus
Lates niloticus,Brycinus longipinnis
Lates niloticus,Sierrathrissa leonensis
Lates niloticus,Limnothrissa miodon
Lates niloticus,Schilbe mystus
Lates niloticus,Schilbe intermedius
Lates niloticus,Synodontis schall
Acipenser gueldenstaedtii,Neogobius fluviatilis
Acipenser gueldenstaedtii,Neogobius melanostomus
Hypoplectrus aberrans,Scartella cristata
Hypoplectrus aberrans,Parablennius marmoreus
Trachinotus carolinus,Trachinotus carolinus
Acipenser persicus,Atherina boyeri
Acipenser persicus,Vimba vimba
Ponticola kessleri,Neogobius melanostomus
Ponticola kessleri,Ponticola kessleri
Ponticola kessleri,Barbus caninus
Ponticola kessleri,Sabanejewia larvata
Ponticola kessleri,Alburnus arborella
Ponticola kessleri,Chondrostoma soetta
Ponticola kessleri,Salmo labrax
Ponticola kessleri,Telestes muticellus
Ponticola kessleri,Rutilus aula
Ponticola kessleri,Acipenser naccarii
Ponticola kessleri,Salmo marmoratus
Ponticola kessleri,Alosa fallax
Ponticola kessleri,Hypophthalmichthys molitrix
Ponticola kessleri,Carassius carassius
Ponticola kessleri,Cobitis bilineata
Ponticola kessleri,Cobitis taenia
Ponticola kessleri,Telestes souffia
Ponticola kessleri,Padogobius bonelli
Ponticola kessleri,Pseudorasbora parva
Ponticola kessleri,Squalius cephalus
Ponticola kessleri,Salvelinus namaycush
Ponticola kessleri,Ctenopharyngodon idella
Ponticola kessleri,Gasterosteus aculeatus
Ponticola kessleri,Carassius auratus
Ponticola kessleri,Rutilus pigus
Ponticola kessleri,Parachondrostoma toxostoma
Ponticola kessleri,Scardinius erythrophthalmus
Ponticola kessleri,Alburnus alburnus
Ponticola kessleri,Salaria fluviatilis
Ponticola kessleri,Anguilla anguilla
Ponticola kessleri,Esox lucius
Ponticola kessleri,Silurus glanis
Ponticola kessleri,Leucaspius delineatus
Ponticola kessleri,Barbus plebejus
Ponticola kessleri,Perca fluviatilis
Ponticola kessleri,Hypophthalmichthys nobilis
Ponticola kessleri,Thymallus thymallus
Ponticola kessleri,Barbatula barbatula
Ponticola kessleri,Blicca bjoerkna
Ponticola kessleri,Chondrostoma nasus
Ponticola kessleri,Rutilus rutilus
Ponticola kessleri,Cyprinus carpio
Ponticola kessleri,Cottus gobio
Ponticola kessleri,Micropterus salmoides
Ponticola kessleri,Abramis brama
Oncorhynchus tshawytscha,Thaleichthys pacificus
Oncorhynchus tshawytscha,Oncorhynchus kisutch
Oncorhynchus tshawytscha,Oncorhynchus mykiss
Oncorhynchus tshawytscha,Oncorhynchus keta
Oncorhynchus tshawytscha,Cymatogaster aggregata
Oncorhynchus tshawytscha,Osmerus mordax
Oncorhynchus tshawytscha,Alosa pseudoharengus
Oncorhynchus tshawytscha,Clupea harengus
Oncorhynchus tshawytscha,Notropis hudsonius
Oncorhynchus tshawytscha,Percopsis omiscomaycus
Oncorhynchus tshawytscha,Engraulis mordax
Oncorhynchus tshawytscha,Clupea pallasii
Oncorhynchus tshawytscha,Sardinops sagax
Oncorhynchus tshawytscha,Perca flavescens
Oncorhynchus tshawytscha,Oncorhynchus tshawytscha
Pimephales promelas,Xyrauchen texanus
Thunnus alalunga,Katsuwonus pelamis
Thunnus alalunga,Scomber japonicus
Thunnus alalunga,Cymatogaster aggregata
Thunnus alalunga,Engraulis mordax
Thunnus alalunga,Auxis thazard
Thunnus alalunga,Sardinops sagax
Thunnus alalunga,Auxis rochei
Gobius cobitis,Parablennius incognitus
Noturus stigmosus,Notropis volucellus
Oncorhynchus nerka,Clupea pallasii
Lipophrys trigloides,Coryphoblennius galerita
Lipophrys trigloides,Gobius paganellus
Lipophrys trigloides,Lipophrys pholis
Lipophrys trigloides,Lipophrys trigloides
Acipenser fulvescens,Catostomus commersonii
Acipenser fulvescens,Moxostoma anisurum
Acipenser fulvescens,Pungitius pungitius
Sarda chiliensis,Sardinops sagax
Sarda chiliensis,Engraulis mordax
Sarda chiliensis,Cymatogaster aggregata
Sarda chiliensis,Scomber japonicus
Sarda orientalis,Engraulis japonicus
Auxis rochei,Trachurus japonicus
Auxis rochei,Scomber australasicus
Auxis rochei,Auxis rochei
Euthynnus affinis,Engraulis japonicus
Euthynnus affinis,Rastrelliger brachysoma
Euthynnus affinis,Scomber australasicus
Euthynnus affinis,Auxis thazard
Euthynnus affinis,Auxis rochei
Oreochromis mossambicus,Oreochromis mossambicus
Lepomis macrochirus,Carassius auratus
Lepomis macrochirus,Cyprinus carpio
Lepomis macrochirus,Morone americana
Archosargus probatocephalus,Archosargus probatocephalus
Scomberomorus tritor,Ethmalosa fimbriata
Labrus bergylta,Labrus bergylta
Sander vitreus,Mylocheilus caurinus
Sander vitreus,Notropis hudsonius
Sander vitreus,Percopsis omiscomaycus
Sander vitreus,Percina caprodes
Sander vitreus,Culaea inconstans
Sander vitreus,Osmerus mordax
Sander vitreus,Notropis atherinoides
Sander vitreus,Oncorhynchus nerka
Sander vitreus,Aplodinotus grunniens
Sander vitreus,Richardsonius balteatus
Sander vitreus,Oncorhynchus kisutch
Sander vitreus,Oncorhynchus mykiss
Sander vitreus,Etheostoma nigrum
Sander vitreus,Alosa pseudoharengus
Sander vitreus,Carassius auratus
Sander vitreus,Morone americana
Sander vitreus,Perca fluviatilis
Sander vitreus,Dorosoma cepedianum
Sander vitreus,Morone chrysops
Sander vitreus,Oncorhynchus tshawytscha
Sander vitreus,Perca flavescens
Sander vitreus,Sander vitreus
Sander vitreus,Neogobius melanostomus
Sander vitreus,Salvelinus namaycush
Sander vitreus,Coregonus artedi
Sander vitreus,Phoxinus phoxinus
Sander vitreus,Salvelinus fontinalis
Sander vitreus,Ameiurus nebulosus
Sander vitreus,Lota lota
Sander vitreus,Lepomis gibbosus
Sander vitreus,Hiodon alosoides
Sander vitreus,Polyodon spathula
Sander vitreus,Pungitius pungitius
Sander vitreus,Catostomus commersonii
Sander vitreus,Micropterus salmoides
Pomoxis annularis,Aplodinotus grunniens
Pomoxis annularis,Dorosoma cepedianum
Pomoxis annularis,Lepomis macrochirus
Scomber scombrus,Pomatoschistus minutus
Scomber scombrus,Clupea harengus
Scomber scombrus,Gadus morhua
Scomber scombrus,Pleuronectes platessa
Scomber scombrus,Scomber scombrus
Euthynnus alletteratus,Anchoa mitchilli
Euthynnus alletteratus,Lagodon rhomboides
Euthynnus alletteratus,Strongylura marina
Euthynnus alletteratus,Euthynnus alletteratus
Euthynnus alletteratus,Auxis rochei
Euthynnus alletteratus,Auxis thazard
Cynoscion nebulosus,Lagodon rhomboides
Cynoscion nebulosus,Cynoscion nebulosus
Cynoscion nebulosus,Lucania parva
Cynoscion nebulosus,Anchoa mitchilli
Cynoscion nebulosus,Scomber scombrus
Cynoscion nebulosus,Elops saurus
Cynoscion nebulosus,Leiostomus xanthurus
Cynoscion nebulosus,Fundulus grandis
Cynoscion nebulosus,Floridichthys carpio
Cynoscion nebulosus,Paralichthys lethostigma
Cynoscion nebulosus,Strongylura marina
Cynoscion nebulosus,Dorosoma cepedianum
Cynoscion nebulosus,Cyprinodon variegatus
Tautogolabrus adspersus,Clupea harengus
Sardinops sagax,Engraulis japonicus
Catostomus catostomus,Salvelinus alpinus
Istiophorus platypterus,Euthynnus alletteratus
Istiophorus platypterus,Xiphias gladius
Istiophorus platypterus,Auxis rochei
Istiophorus platypterus,Auxis thazard
Coregonus artedi,Coregonus artedi
Oncorhynchus gorbuscha,Thaleichthys pacificus
Oncorhynchus gorbuscha,Clupea pallasii
Stenodus leucichthys,Salvelinus alpinus
Stenodus leucichthys,Lota lota
Stenodus leucichthys,Osmerus mordax
Stenodus leucichthys,Oncorhynchus tshawytscha
Stenodus leucichthys,Coregonus sardinella
Stenodus leucichthys,Hiodon alosoides
Stenodus leucichthys,Stenodus leucichthys
Leuciscus aspius,Alburnus alburnus
Leuciscus aspius,Carassius auratus
Leuciscus aspius,Leuciscus leuciscus
Leuciscus aspius,Osmerus eperlanus
Leuciscus aspius,Rutilus rutilus
Leuciscus aspius,Leucaspius delineatus
Leuciscus aspius,Neogobius fluviatilis
Coryphoblennius galerita,Gobius paganellus
Coryphoblennius galerita,Lipophrys pholis
Coryphoblennius galerita,Coryphoblennius galerita
Leucaspius delineatus,Capoeta capoeta
Leucaspius delineatus,Leucaspius delineatus
Esox lucius,Rutilus rutilus
Esox lucius,Lepomis gibbosus
Esox lucius,Ambloplites rupestris
Esox lucius,Percina caprodes
Esox lucius,Platichthys flesus
Esox lucius,Neogobius melanostomus
Esox lucius,Abramis brama
Esox lucius,Pimephales promelas
Esox lucius,Coregonus artedi
Esox lucius,Carassius carassius
Esox lucius,Phoxinus phoxinus
Esox lucius,Squalius cephalus
Esox lucius,Gasterosteus aculeatus
Esox lucius,Perca flavescens
Esox lucius,Blicca bjoerkna
Esox lucius,Perca fluviatilis
Esox lucius,Salmo trutta
Esox lucius,Gymnocephalus cernua
Esox lucius,Coregonus sardinella
Esox lucius,Alburnus alburnus
Esox lucius,Oncorhynchus mykiss
Esox lucius,Salmo salar
Esox lucius,Scardinius erythrophthalmus
Esox lucius,Tinca tinca
Esox lucius,Sander lucioperca
Esox lucius,Catostomus catostomus
Esox lucius,Cottus bairdii
Esox lucius,Esox lucius
Esox lucius,Vimba vimba
Esox lucius,Notropis hudsonius
Esox lucius,Cyprinella spiloptera
Esox lucius,Cobitis calderoni
Esox lucius,Rutilus frisii
Esox lucius,Clupea harengus
Esox lucius,Gobio gobio
Esox lucius,Salaria fluviatilis
Esox lucius,Acipenser gueldenstaedtii
Esox lucius,Coregonus clupeaformis
Esox lucius,Coregonus albula
Esox lucius,Coregonus lavaretus
Esox lucius,Leuciscus leuciscus
Esox lucius,Thymallus thymallus
Esox lucius,Labidesthes sicculus
Esox lucius,Pimephales notatus
Esox lucius,Leuciscus idus
Esox lucius,Pomoxis annularis
Esox lucius,Barbatula barbatula
Esox lucius,Acipenser stellatus
Esox lucius,Lota lota
Esox lucius,Cottus gobio
Esox lucius,Lepomis macrochirus
Esox lucius,Sander vitreus
Esox lucius,Micropterus salmoides
Esox lucius,Dorosoma cepedianum
Esox lucius,Catostomus commersonii
Esox lucius,Salvelinus alpinus
Esox lucius,Osmerus eperlanus
Esox lucius,Anguilla anguilla
Esox lucius,Cyprinus carpio
Esox lucius,Silurus glanis
Barbus plebejus,Barbus caninus
Barbus plebejus,Sabanejewia larvata
Barbus plebejus,Alburnus arborella
Barbus plebejus,Chondrostoma soetta
Barbus plebejus,Salmo labrax
Barbus plebejus,Telestes muticellus
Barbus plebejus,Rutilus aula
Barbus plebejus,Acipenser naccarii
Barbus plebejus,Salmo marmoratus
Barbus plebejus,Alosa fallax
Barbus plebejus,Hypophthalmichthys molitrix
Barbus plebejus,Carassius carassius
Barbus plebejus,Cobitis bilineata
Barbus plebejus,Cobitis taenia
Barbus plebejus,Telestes souffia
Barbus plebejus,Padogobius bonelli
Barbus plebejus,Pseudorasbora parva
Barbus plebejus,Squalius cephalus
Barbus plebejus,Salvelinus namaycush
Barbus plebejus,Ctenopharyngodon idella
Barbus plebejus,Gasterosteus aculeatus
Barbus plebejus,Carassius auratus
Barbus plebejus,Rutilus pigus
Barbus plebejus,Parachondrostoma toxostoma
Cottus gobio,Neogobius melanostomus
Cottus gobio,Gasterosteus aculeatus
Cottus gobio,Pungitius pungitius
Cottus gobio,Cottus gobio
Galaxias fasciatus,Neochanna apoda
Channa marulius,Labeo rohita
Tenualosa ilisha,Tenualosa ilisha
Micropterus salmoides,Gambusia affinis
Micropterus salmoides,Pimephales promelas
Micropterus salmoides,Oncorhynchus tshawytscha
Micropterus salmoides,Poecilia reticulata
Micropterus salmoides,Phoxinus phoxinus
Micropterus salmoides,Carassius auratus
Micropterus salmoides,Lepomis miniatus
Micropterus salmoides,Lepomis macrochirus
Micropterus salmoides,Lepomis gibbosus
Micropterus salmoides,Hypomesus transpacificus
Micropterus salmoides,Anguilla anguilla
Micropterus salmoides,Rutilus rutilus
Micropterus salmoides,Cyprinella lutrensis
Micropterus salmoides,Hypomesus nipponensis
Micropterus salmoides,Tinca tinca
Micropterus salmoides,Rhinogobius giurinus
Micropterus salmoides,Mylocheilus caurinus
Micropterus salmoides,Gambusia holbrooki
Micropterus salmoides,Acrocheilus alutaceus
Micropterus salmoides,Pseudorasbora parva
Micropterus salmoides,Barbus paludinosus
Micropterus salmoides,Salaria fluviatilis
Micropterus salmoides,Syngnathus scovelli
Micropterus salmoides,Labidesthes sicculus
Micropterus salmoides,Pomoxis nigromaculatus
Micropterus salmoides,Pimephales notatus
Micropterus salmoides,Richardsonius balteatus
Micropterus salmoides,Dorosoma petenense
Micropterus salmoides,Oncorhynchus mykiss
Micropterus salmoides,Centrarchus macropterus
Micropterus salmoides,Lepomis cyanellus
Micropterus salmoides,Sander vitreus
Micropterus salmoides,Cyprinus carpio
Micropterus salmoides,Micropterus dolomieu
Micropterus salmoides,Dorosoma cepedianum
Micropterus salmoides,Notemigonus crysoleucas
Micropterus salmoides,Micropterus salmoides
Micropterus salmoides,Barbus caninus
Micropterus salmoides,Sabanejewia larvata
Micropterus salmoides,Alburnus arborella
Micropterus salmoides,Chondrostoma soetta
Micropterus salmoides,Salmo labrax
Micropterus salmoides,Telestes muticellus
Micropterus salmoides,Rutilus aula
Micropterus salmoides,Acipenser naccarii
Micropterus salmoides,Salmo marmoratus
Micropterus salmoides,Alosa fallax
Micropterus salmoides,Hypophthalmichthys molitrix
Micropterus salmoides,Carassius carassius
Micropterus salmoides,Cobitis bilineata
Micropterus salmoides,Cobitis taenia
Micropterus salmoides,Telestes souffia
Micropterus salmoides,Padogobius bonelli
Micropterus salmoides,Squalius cephalus
Micropterus salmoides,Salvelinus namaycush
Micropterus salmoides,Ctenopharyngodon idella
Micropterus salmoides,Gasterosteus aculeatus
Astyanax bimaculatus,Poecilia reticulata
Salvelinus alpinus,Coregonus albula
Salvelinus alpinus,Pungitius pungitius
Salvelinus alpinus,Salvelinus alpinus
Salvelinus alpinus,Gasterosteus aculeatus
Salvelinus alpinus,Cottus aleuticus
Salvelinus alpinus,Oncorhynchus nerka
Salvelinus alpinus,Chanos chanos
Salvelinus alpinus,Oncorhynchus kisutch
Salvelinus alpinus,Osmerus eperlanus
Salvelinus alpinus,Perca fluviatilis
Zoarces viviparus,Osmerus eperlanus
Zoarces viviparus,Clupea harengus
Zoarces viviparus,Zoarces viviparus
Kajikia albida,Euthynnus alletteratus
Kajikia albida,Scomber scombrus
Kajikia albida,Scomber japonicus
Kajikia albida,Auxis thazard
Kajikia albida,Auxis rochei
Cyprinus carpio,Pseudorasbora parva
Cyprinus carpio,Culaea inconstans
Makaira nigricans,Thunnus thynnus
Makaira nigricans,Thunnus albacares
Makaira nigricans,Katsuwonus pelamis
Makaira nigricans,Euthynnus alletteratus
Makaira nigricans,Scomber japonicus
Makaira nigricans,Xiphias gladius
Makaira nigricans,Lagocephalus lagocephalus
Makaira nigricans,Auxis thazard
Makaira nigricans,Thunnus obesus
Makaira nigricans,Auxis rochei
Makaira nigricans,Thunnus atlanticus
Salvelinus namaycush,Alosa pseudoharengus
Salvelinus namaycush,Neogobius melanostomus
Salvelinus namaycush,Oncorhynchus nerka
Salvelinus namaycush,Osmerus mordax
Salvelinus namaycush,Catostomus catostomus
Salvelinus namaycush,Coregonus clupeaformis
Salvelinus namaycush,Coregonus artedi
Salvelinus namaycush,Salvelinus namaycush
Salvelinus namaycush,Myoxocephalus thompsonii
Salvelinus namaycush,Chrosomus eos
Salvelinus namaycush,Catostomus commersonii
Salvelinus namaycush,Luxilus cornutus
Salvelinus namaycush,Pimephales notatus
Salvelinus namaycush,Notemigonus crysoleucas
Salvelinus namaycush,Semotilus atromaculatus
Salvelinus namaycush,Lepomis gibbosus
Salvelinus namaycush,Perca flavescens
Salvelinus namaycush,Micropterus salmoides
Salvelinus namaycush,Micropterus dolomieu
Salvelinus namaycush,Ameiurus nebulosus
Salvelinus namaycush,Salvelinus fontinalis
Salvelinus namaycush,Osmerus eperlanus
Salvelinus namaycush,Percopsis omiscomaycus
Salvelinus namaycush,Myoxocephalus quadricornis
Salvelinus namaycush,Cottus ricei
Salvelinus namaycush,Coregonus albula
Salvelinus namaycush,Cottus cognatus
Salvelinus namaycush,Pungitius pungitius
Salvelinus namaycush,Notropis atherinoides
Salvelinus namaycush,Barbus caninus
Salvelinus namaycush,Sabanejewia larvata
Salvelinus namaycush,Alburnus arborella
Salvelinus namaycush,Notropis hudsonius
Salvelinus namaycush,Chondrostoma soetta
Salvelinus namaycush,Salmo labrax
Salvelinus namaycush,Telestes muticellus
Salvelinus namaycush,Rutilus aula
Salvelinus namaycush,Acipenser naccarii
Salvelinus namaycush,Salmo marmoratus
Salvelinus namaycush,Alosa fallax
Salvelinus namaycush,Hypophthalmichthys molitrix
Salvelinus namaycush,Carassius carassius
Salvelinus namaycush,Cobitis bilineata
Salvelinus namaycush,Cobitis taenia
Salvelinus namaycush,Telestes souffia
Salvelinus namaycush,Padogobius bonelli
Salvelinus namaycush,Pseudorasbora parva
Salvelinus namaycush,Squalius cephalus
Salvelinus namaycush,Barbatula barbatula
Salvelinus namaycush,Leucaspius delineatus
Salvelinus namaycush,Salaria fluviatilis
Lutjanus apodus,Sparisoma radians
Lutjanus apodus,Sparisoma chrysopterum
Lutjanus apodus,Scarus taeniopterus
Lutjanus apodus,Scarus coelestinus
Lutjanus apodus,Hypoplectrus aberrans
Lutjanus apodus,Hypoplectrus nigricans
Lutjanus apodus,Bodianus rufus
Lutjanus apodus,Chromis cyanea
Lutjanus apodus,Sparisoma rubripinne
Lutjanus apodus,Clepticus parrae
Lutjanus apodus,Haemulon flavolineatum
Lutjanus apodus,Sparisoma viride
Thalassoma bifasciatum,Abudefduf saxatilis
Sander lucioperca,Rhodeus amarus
Sander lucioperca,Leucaspius delineatus
Sander lucioperca,Alburnus alburnus
Sander lucioperca,Pomatoschistus minutus
Sander lucioperca,Carassius carassius
Sander lucioperca,Blicca bjoerkna
Sander lucioperca,Neogobius fluviatilis
Sander lucioperca,Pelecus cultratus
Sander lucioperca,Tinca tinca
Sander lucioperca,Coregonus albula
Sander lucioperca,Coregonus lavaretus
Sander lucioperca,Gymnocephalus cernua
Sander lucioperca,Rutilus rutilus
Sander lucioperca,Abramis brama
Sander lucioperca,Platichthys flesus
Sander lucioperca,Anguilla anguilla
Sander lucioperca,Clupea harengus
Sander lucioperca,Gasterosteus aculeatus
Sander lucioperca,Osmerus eperlanus
Sander lucioperca,Perca fluviatilis
Sander lucioperca,Sander lucioperca
Sander lucioperca,Barbus caninus
Sander lucioperca,Sabanejewia larvata
Sander lucioperca,Alburnus arborella
Sander lucioperca,Neogobius pallasi
Sander lucioperca,Syngnathus abaster
Sander lucioperca,Atherina boyeri
Sander lucioperca,Chondrostoma soetta
Sander lucioperca,Salmo labrax
Sander lucioperca,Telestes muticellus
Sander lucioperca,Rutilus aula
Sander lucioperca,Acipenser naccarii
Sander lucioperca,Salmo marmoratus
Sander lucioperca,Alosa fallax
Sander lucioperca,Hypophthalmichthys molitrix
Sander lucioperca,Cobitis bilineata
Sander lucioperca,Cobitis taenia
Sander lucioperca,Telestes souffia
Sander lucioperca,Padogobius bonelli
Sander lucioperca,Pseudorasbora parva
Sander lucioperca,Squalius cephalus
Sander lucioperca,Salvelinus namaycush
Sander lucioperca,Ctenopharyngodon idella
Sander lucioperca,Carassius auratus
Sander lucioperca,Rutilus pigus
Sander lucioperca,Parachondrostoma toxostoma
Sander lucioperca,Ponticola kessleri
Sander lucioperca,Hypophthalmichthys nobilis
Sander lucioperca,Salaria fluviatilis
Sander lucioperca,Phoxinus phoxinus
Sander lucioperca,Gobio gobio
Sander lucioperca,Chondrostoma nasus
Sander lucioperca,Leuciscus leuciscus
Sander lucioperca,Barbus barbus
Sander lucioperca,Thymallus thymallus
Sander lucioperca,Scardinius erythrophthalmus
Sander lucioperca,Acipenser sturio
Sander lucioperca,Barbus plebejus
Sander lucioperca,Barbatula barbatula
Sander lucioperca,Lepomis gibbosus
Sander lucioperca,Salmo salar
Sander lucioperca,Cottus gobio
Sander lucioperca,Silurus glanis
Sander lucioperca,Lota lota
Sander lucioperca,Cyprinus carpio
Sander lucioperca,Micropterus salmoides
Sander lucioperca,Salmo trutta
Sander lucioperca,Oncorhynchus mykiss
Sander lucioperca,Esox lucius
Sander lucioperca,Salvelinus fontinalis
Sander lucioperca,Neogobius melanostomus
Thunnus thynnus,Salmo salar
Thunnus thynnus,Pseudopleuronectes americanus
Thunnus thynnus,Scomber scombrus
Thunnus thynnus,Gadus morhua
Thunnus thynnus,Clupea harengus
Thunnus thynnus,Engraulis mordax
Thunnus thynnus,Scomber japonicus
Umbra limi,Chrosomus eos
Umbra limi,Chrosomus neogaeus
Umbra limi,Umbra limi
Ameiurus nebulosus,Salvelinus namaycush
Acanthogobius flavimanus,Leptocottus armatus
Acanthogobius flavimanus,Gillichthys mirabilis
Gasterosteus aculeatus,Pleuronectes platessa
Gasterosteus aculeatus,Clupea pallasii
Thaleichthys pacificus,Thaleichthys pacificus
Morone mississippiensis,Poecilia latipinna
Morone mississippiensis,Cyprinodon variegatus
Trematomus hansoni,Notothenia rossii
Trematomus hansoni,Trematomus pennellii
Trematomus hansoni,Notothenia coriiceps
Trematomus hansoni,Trematomus bernacchii
Trematomus hansoni,Trematomus hansoni
Perca flavescens,Notropis hudsonius
Perca flavescens,Pimephales promelas
Perca flavescens,Catostomus commersonii
Perca flavescens,Notropis atherinoides
Perca flavescens,Neogobius melanostomus
Perca flavescens,Osmerus mordax
Perca flavescens,Esox lucius
Perca flavescens,Perca flavescens
Pelecus cultratus,Clupea harengus
Pelecus cultratus,Osmerus eperlanus
Pelecus cultratus,Sander lucioperca
Barbatula barbatula,Cottus gobio
Clarias gariepinus,Oreochromis niloticus
Clarias gariepinus,Chanos chanos
Clarias gariepinus,Clarias gariepinus
Clarias gariepinus,Serranochromis robustus
Clarias gariepinus,Oreochromis mossambicus
Barbus lacerta,Salvelinus alpinus
Ictalurus punctatus,Anchoa mitchilli
Ictalurus punctatus,Dorosoma cepedianum
Ictalurus punctatus,Heterandria formosa
Ictalurus punctatus,Pomoxis annularis
Ictalurus punctatus,Sander vitreus
Ictalurus punctatus,Morone chrysops
Ictalurus punctatus,Lepomis macrochirus
Ictalurus punctatus,Gila cypha
Ictalurus punctatus,Oncorhynchus kisutch
Ictalurus punctatus,Oncorhynchus mykiss
Ictalurus punctatus,Oncorhynchus tshawytscha
Ictalurus punctatus,Oncorhynchus nerka
Ictalurus punctatus,Pimephales promelas
Ictalurus punctatus,Rhinichthys osculus
Ictalurus punctatus,Xyrauchen texanus
Ictalurus punctatus,Cyprinus carpio
Istiompax indica,Thunnus obesus
Istiompax indica,Thunnus albacares
Istiompax indica,Katsuwonus pelamis
Istiompax indica,Auxis rochei
Istiompax indica,Xiphias gladius
Istiompax indica,Auxis thazard
Paralabrax clathratus,Oxyjulis californica
Paralabrax clathratus,Halichoeres semicinctus
Paralabrax clathratus,Chromis punctipinnis
Paralabrax clathratus,Paralabrax nebulifer
Paralabrax clathratus,Cymatogaster aggregata
Paralabrax clathratus,Paralabrax clathratus
Ameiurus natalis,Ameiurus natalis
Gymnarchus niloticus,Schilbe intermedius
Chanodichthys erythropterus,Chanodichthys mongolicus
Chanodichthys erythropterus,Hypomesus olidus
Chanodichthys erythropterus,Hemiculter leucisculus
Chanodichthys erythropterus,Carassius auratus
Chanodichthys erythropterus,Pseudorasbora parva
Megalops cyprinoides,Chanos chanos
Megalops cyprinoides,Oreochromis mossambicus
Micropterus floridanus,Neogobius melanostomus
Semotilus atromaculatus,Etheostoma nigrum
Semotilus atromaculatus,Hybognathus hankinsoni
Chondrostoma nasus,Salmo trutta
Bodianus rufus,Abudefduf saxatilis
Sarda australis,Sardinops sagax
Solea solea,Pomatoschistus minutus
Solea solea,Pleuronectes platessa
Monopterus albus,Poecilia reticulata
Pimephales notatus,Etheostoma crossopterum
Katsuwonus pelamis,Auxis thazard
Katsuwonus pelamis,Katsuwonus pelamis
Katsuwonus pelamis,Auxis rochei
Pomoxis nigromaculatus,Alosa sapidissima
Pomoxis nigromaculatus,Dorosoma petenense
Pomoxis nigromaculatus,Morone saxatilis
Pomoxis nigromaculatus,Dorosoma cepedianum
Pomoxis nigromaculatus,Gymnocephalus cernua
Astyanax mexicanus,Astyanax mexicanus
Perissodus microlepis,Limnotilapia dardennii
Perissodus microlepis,Neolamprologus modestus
Perissodus microlepis,Tropheus moorii
Perissodus microlepis,Haplotaxodon microlepis
Perissodus microlepis,Cyathopharynx furcifer
Perissodus microlepis,Lepidiolamprologus attenuatus
Perissodus microlepis,Eretmodus cyanostictus
Perissodus microlepis,Lepidiolamprologus elongatus
Perissodus microlepis,Neolamprologus brichardi
Perissodus microlepis,Lamprologus callipterus
Perissodus microlepis,Neolamprologus leleupi
Perissodus microlepis,Altolamprologus compressiceps
Perissodus microlepis,Lobochilotes labiatus
Perissodus microlepis,Xenotilapia leptura
Perissodus microlepis,Telmatochromis temporalis
Perissodus microlepis,Neolamprologus toae
Perissodus microlepis,Gnathochromis pfefferi
Labidesthes sicculus,Labidesthes sicculus
Aplodinotus grunniens,Percopsis omiscomaycus
Silurus asotus,Hypomesus olidus
Silurus asotus,Carassius auratus
Silurus asotus,Silurus asotus
Silurus asotus,Ctenopharyngodon idella
Salvelinus leucomaenis,Osmerus dentex
Salvelinus leucomaenis,Oncorhynchus gorbuscha
Tetrapturus angustirostris,Katsuwonus pelamis
Tetrapturus angustirostris,Xiphias gladius
Scomberomorus regalis,Lachnolaimus maximus
Scomberomorus regalis,Xyrichtys splendens
Scomberomorus regalis,Xyrichtys novacula
Scomberomorus regalis,Halichoeres radiatus
Scomberomorus regalis,Bodianus rufus
Scomberomorus regalis,Halichoeres poeyi
Scomberomorus regalis,Halichoeres garnoti
Scomberomorus regalis,Thalassoma bifasciatum
Scomberomorus regalis,Halichoeres maculipinna
Scomberomorus regalis,Chromis cyanea
Scomberomorus regalis,Halichoeres bivittatus
Scomberomorus regalis,Clepticus parrae
Scomberomorus regalis,Abudefduf saxatilis
Etroplus maculatus,Etroplus suratensis
Engraulis mordax,Engraulis mordax
Sciaenops ocellatus,Heterandria formosa
Sciaenops ocellatus,Gambusia affinis
Sciaenops ocellatus,Lagodon rhomboides
Sciaenops ocellatus,Fundulus grandis
Sciaenops ocellatus,Cyprinodon variegatus
Sciaenops ocellatus,Anchoa mitchilli
Sciaenops ocellatus,Leiostomus xanthurus
Sciaenops ocellatus,Lucania parva
Sciaenops ocellatus,Cynoscion nebulosus
Sciaenops ocellatus,Paralichthys lethostigma
Sciaenops ocellatus,Dorosoma cepedianum
Sciaenops ocellatus,Strongylura marina
Sciaenops ocellatus,Sciaenops ocellatus
Silurus meridionalis,Parabramis pekinensis
Ptychocheilus grandis,Rhinichthys osculus
Ptychocheilus grandis,Oncorhynchus mykiss
Ptychocheilus grandis,Hesperoleucus symmetricus
Ptychocheilus grandis,Ptychocheilus grandis
Schilbe intermedius,Marcusenius macrolepidotus
Schilbe intermedius,Brycinus lateralis
Schilbe intermedius,Sierrathrissa leonensis
Schilbe intermedius,Synodontis macrostigma
Schilbe intermedius,Schilbe mystus
Schilbe intermedius,Schilbe intermedius
Pterois volitans,Gambusia holbrooki
Pterois volitans,Stegastes variabilis
Pterois volitans,Thalassoma bifasciatum
Pterois volitans,Halichoeres garnoti
Pterois volitans,Clepticus parrae
Acipenser nudiventris,Neogobius fluviatilis
Oncorhynchus kisutch,Oncorhynchus gorbuscha
Oncorhynchus kisutch,Oncorhynchus keta
Oncorhynchus kisutch,Oncorhynchus nerka
Oncorhynchus kisutch,Alosa pseudoharengus
Oncorhynchus kisutch,Clupea harengus
Oncorhynchus kisutch,Cottus aleuticus
Oncorhynchus kisutch,Notropis hudsonius
Oncorhynchus kisutch,Oncorhynchus clarkii
Oncorhynchus kisutch,Engraulis mordax
Oncorhynchus kisutch,Clupea pallasii
Oncorhynchus kisutch,Gasterosteus aculeatus
Oncorhynchus kisutch,Lepidopsetta bilineata
Oncorhynchus kisutch,Sardinops sagax
Oncorhynchus kisutch,Cymatogaster aggregata
Oncorhynchus kisutch,Oncorhynchus tshawytscha
Oncorhynchus kisutch,Perca flavescens
Oncorhynchus kisutch,Osmerus mordax
Oncorhynchus kisutch,Alosa sapidissima
Oncorhynchus kisutch,Dorosoma cepedianum
Oncorhynchus kisutch,Notropis atherinoides
Belonesox belizanus,Gambusia holbrooki
Acanthocybium solandri,Thunnus atlanticus
Acanthocybium solandri,Katsuwonus pelamis
Acanthocybium solandri,Sarda sarda
Acanthocybium solandri,Auxis thazard
Acanthocybium solandri,Scomberomorus regalis
Acanthocybium solandri,Euthynnus alletteratus
Acanthocybium solandri,Thunnus thynnus
Acanthocybium solandri,Auxis rochei
Clarias batrachus,Pseudocrenilabrus multicolor
Esox niger,Perca flavescens
Esox niger,Ameiurus nebulosus
Thymallus arcticus,Oncorhynchus keta
Osmerus mordax,Alosa pseudoharengus
Osmerus mordax,Coregonus artedi
Osmerus dentex,Oncorhynchus gorbuscha
Clarias stappersii,Clarias theodorae
Clarias anguillaris,Hemichromis bimaculatus
Clarias anguillaris,Clarias anguillaris
Scorpaena porcus,Symphodus tinca
Scorpaena porcus,Parablennius tentacularis
Scorpaena porcus,Salaria pavo
Scorpaena porcus,Symphodus roissali
Scorpaena porcus,Mullus surmuletus
Thunnus obesus,Auxis thazard
Thunnus obesus,Katsuwonus pelamis
Thunnus obesus,Sardinops sagax
Thunnus obesus,Scomber japonicus
Thunnus obesus,Thunnus albacares
Thunnus obesus,Xiphias gladius
Thunnus obesus,Thunnus alalunga
Thunnus obesus,Auxis rochei
Thunnus atlanticus,Thunnus atlanticus
Gymnocephalus cernua,Pomatoschistus microps
Gymnocephalus cernua,Coregonus albula
Gymnocephalus cernua,Osmerus eperlanus
Gymnocephalus cernua,Perca flavescens
Gymnocephalus cernua,Sander vitreus
Pylodictis olivaris,Percina phoxocephala
Pylodictis olivaris,Notropis buchanani
Pylodictis olivaris,Carpiodes carpio
Pylodictis olivaris,Noturus nocturnus
Pylodictis olivaris,Ictalurus punctatus
Pylodictis olivaris,Xyrauchen texanus
Pylodictis olivaris,Cyprinella lutrensis
Pylodictis olivaris,Semotilus atromaculatus
Pylodictis olivaris,Lepomis megalotis
Pylodictis olivaris,Aplodinotus grunniens
Pylodictis olivaris,Noturus flavus
Pylodictis olivaris,Pylodictis olivaris
Lipophrys pholis,Gobius paganellus
Lipophrys pholis,Coryphoblennius galerita
Lipophrys pholis,Lipophrys pholis
Lagodon rhomboides,Lucania parva
Lagodon rhomboides,Anchoa mitchilli
Lagodon rhomboides,Lagodon rhomboides
Ictalurus furcatus,Anchoa mitchilli
Ictalurus furcatus,Alosa sapidissima
Ictalurus furcatus,Anguilla rostrata
Ictalurus furcatus,Alosa aestivalis
Ictalurus furcatus,Alosa pseudoharengus
Ictalurus furcatus,Acipenser oxyrinchus
Coregonus albula,Coregonus albula
Lepidiolamprologus elongatus,Neolamprologus pulcher
Lepidiolamprologus elongatus,Julidochromis marlieri
Lates calcarifer,Scomberomorus commerson
Lates calcarifer,Chanos chanos
Lates calcarifer,Craterocephalus stercusmuscarum
Lates calcarifer,Melanotaenia splendida
Lates calcarifer,Cyprinus carpio
Lates calcarifer,Lates calcarifer
Coregonus clupeaformis,Perca flavescens
Coregonus clupeaformis,Oncorhynchus nerka
Coregonus clupeaformis,Catostomus catostomus
Coregonus clupeaformis,Neogobius melanostomus
Coregonus clupeaformis,Catostomus commersonii
Coregonus clupeaformis,Cottus asper
Alosa alosa,Clupea harengus
Ptychocheilus oregonensis,Oncorhynchus tshawytscha
Thunnus maccoyii,Thunnus alalunga
Oblada melanura,Oblada melanura
Butis butis,Chanos chanos
Elopichthys bambusa,Ctenopharyngodon idella
Hypsypops rubicundus,Hypsypops rubicundus
Lepidiolamprologus profundicola,Julidochromis marlieri
Plecodus straeleni,Xenotilapia flavipinnis
Plecodus straeleni,Mastacembelus moorii
Plecodus straeleni,Lepidiolamprologus elongatus
Plecodus straeleni,Petrochromis orthognathus
Plecodus straeleni,Neolamprologus toae
Plecodus straeleni,Cyprichromis microlepidotus
Plecodus straeleni,Petrochromis trewavasae
Plecodus straeleni,Ctenochromis horei
Plecodus straeleni,Ophthalmotilapia ventralis
Plecodus straeleni,Perissodus microlepis
Plecodus straeleni,Lamprologus callipterus
Plecodus straeleni,Lepidiolamprologus profundicola
Plecodus straeleni,Petrochromis famula
Plecodus straeleni,Pseudosimochromis curvifrons
Plecodus straeleni,Petrochromis polyodon
Plecodus straeleni,Neolamprologus furcifer
Plecodus straeleni,Simochromis diagramma
Plecodus straeleni,Tanganicodus irsacae
Plecodus straeleni,Cyphotilapia frontosa
Plecodus straeleni,Limnotilapia dardennii
Plecodus straeleni,Cyathopharynx furcifer
Plecodus straeleni,Altolamprologus compressiceps
Plecodus straeleni,Neolamprologus savoryi
Plecodus straeleni,Lepidiolamprologus attenuatus
Plecodus straeleni,Lamprologus lemairii
Plecodus straeleni,Synodontis multipunctatus
Plecodus straeleni,Lobochilotes labiatus
Plecodus straeleni,Gnathochromis pfefferi
Plecodus straeleni,Julidochromis marlieri
Plecodus straeleni,Tropheus duboisi
Plecodus straeleni,Haplotaxodon microlepis
Plecodus straeleni,Telmatochromis bifrenatus
Plecodus straeleni,Neolamprologus brichardi
Plecodus straeleni,Neolamprologus tretocephalus
Plecodus straeleni,Tropheus moorii
Plecodus straeleni,Neolamprologus mondabu
Plecodus straeleni,Malapterurus electricus
Plecodus straeleni,Ophthalmotilapia nasuta
Plecodus straeleni,Telmatochromis temporalis
Thunnus albacares,Auxis thazard
Thunnus albacares,Arothron immaculatus
Thunnus albacares,Katsuwonus pelamis
Thunnus albacares,Sardinops sagax
Thunnus albacares,Thunnus albacares
Thunnus albacares,Lagocephalus lagocephalus
Thunnus albacares,Xiphias gladius
Thunnus albacares,Thunnus alalunga
Thunnus albacares,Acanthurus coeruleus
Thunnus albacares,Euthynnus affinis
Thunnus albacares,Auxis rochei
Thunnus albacares,Acanthurus chirurgus
Thunnus albacares,Euthynnus alletteratus
Thunnus albacares,Kajikia audax
Hucho hucho,Alburnus arborella
Hucho hucho,Chondrostoma soetta
Hucho hucho,Telestes muticellus
Hucho hucho,Rutilus aula
Hucho hucho,Hypophthalmichthys molitrix
Hucho hucho,Carassius carassius
Hucho hucho,Telestes souffia
Hucho hucho,Pseudorasbora parva
Hucho hucho,Squalius cephalus
Hucho hucho,Ctenopharyngodon idella
Hucho hucho,Carassius auratus
Hucho hucho,Rutilus pigus
Hucho hucho,Parachondrostoma toxostoma
Hucho hucho,Leucaspius delineatus
Hucho hucho,Hypophthalmichthys nobilis
Hucho hucho,Tinca tinca
Hucho hucho,Rutilus rutilus
Hucho hucho,Rhodeus amarus
Hucho hucho,Chondrostoma nasus
Hucho hucho,Cyprinus carpio
Hucho hucho,Scardinius erythrophthalmus
Hucho hucho,Phoxinus phoxinus
Hucho hucho,Gobio gobio
Hucho hucho,Barbus plebejus
Hucho hucho,Leuciscus leuciscus
Hucho hucho,Alburnus alburnus
Hucho hucho,Abramis brama
Hucho hucho,Barbus barbus
Hucho hucho,Thymallus thymallus
Hucho hucho,Blicca bjoerkna
Hucho hucho,Oncorhynchus mykiss
Petrus rupestris,Leucaspius delineatus
Cottus cognatus,Myoxocephalus thompsonii
Cottus cognatus,Oncorhynchus mykiss
Leuciscus idus,Alburnus alburnus
Leuciscus idus,Rutilus rutilus
Cottus asper,Oncorhynchus gorbuscha
Cottus asper,Oncorhynchus keta
Cottus asper,Oncorhynchus nerka
Cottus asper,Cottus asper
Cottus asper,Rhinichthys osculus
Cottus asper,Gasterosteus aculeatus
Cottus asper,Acipenser transmontanus
Neogobius melanostomus,Neogobius melanostomus
Neogobius melanostomus,Barbus barbus
Neogobius melanostomus,Lepomis gibbosus
Neogobius melanostomus,Squalius cephalus
Neogobius melanostomus,Barbus caninus
Scomber japonicus,Engraulis japonicus
Scomber japonicus,Sardinops sagax
Scomber japonicus,Anchoa mitchilli
Scomber japonicus,Scomber japonicus
Wallago attu,Labeo rohita
Wallago attu,Cyprinus carpio
Oreochromis niloticus,Gambusia affinis
Oreochromis niloticus,Oreochromis niloticus
Gillichthys mirabilis,Cymatogaster aggregata
Gillichthys mirabilis,Girella nigricans
Alosa sapidissima,Oncorhynchus tshawytscha
Alosa sapidissima,Osmerus eperlanus
Alosa sapidissima,Anchoa mitchilli
Coregonus lavaretus,Coregonus albula
Coregonus lavaretus,Coregonus lavaretus
Nandus nandus,Danio rerio
Cyprinodon variegatus,Cyprinodon variegatus
Fundulus grandis,Gambusia affinis
Fundulus grandis,Poecilia latipinna
Fundulus grandis,Fundulus grandis
Salmo labrax,Barbus caninus
Salmo labrax,Sabanejewia larvata
Salmo labrax,Alburnus arborella
Salmo labrax,Chondrostoma soetta
Salmo labrax,Hypophthalmichthys nobilis
Salmo labrax,Cobitis taenia
Salmo labrax,Gasterosteus aculeatus
Salmo labrax,Salvelinus namaycush
Salmo labrax,Ponticola kessleri
Salmo labrax,Ctenopharyngodon idella
Salmo labrax,Alosa fallax
Salmo labrax,Pseudorasbora parva
Salmo labrax,Padogobius bonelli
Salmo labrax,Salmo marmoratus
Salmo labrax,Carassius carassius
Salmo labrax,Cobitis bilineata
Salmo labrax,Carassius auratus
Salmo labrax,Acipenser naccarii
Salmo labrax,Hypophthalmichthys molitrix
Salmo labrax,Telestes souffia
Salmo labrax,Telestes muticellus
Salmo labrax,Rutilus pigus
Salmo labrax,Leucaspius delineatus
Salmo labrax,Rutilus aula
Salmo labrax,Squalius cephalus
Salmo labrax,Parachondrostoma toxostoma
Dicentrarchus labrax,Syngnathus abaster
Dicentrarchus labrax,Atherina boyeri
Dicentrarchus labrax,Dicentrarchus labrax
Channa punctata,Mastacembelus armatus
Channa punctata,Rasbora daniconius
Channa punctata,Pethia ticto
Channa punctata,Labeo fimbriatus
Channa punctata,Parambassis ranga
Channa punctata,Puntius sophore
Channa punctata,Channa punctata
Channa punctata,Trichogaster chuna
Channa punctata,Ompok pabda
Channa punctata,Aplocheilus panchax
Hydrocynus forskahlii,Hepsetus odoe
Hydrocynus forskahlii,Schilbe mystus
Hydrocynus forskahlii,Brycinus longipinnis
Hydrocynus forskahlii,Micralestes acutidens
Hydrocynus forskahlii,Limnothrissa miodon
Hydrocynus forskahlii,Sierrathrissa leonensis
Catostomus macrocheilus,Acipenser transmontanus
Myoxocephalus quadricornis,Zoarces viviparus
Myoxocephalus quadricornis,Gymnocephalus cernua
Myoxocephalus quadricornis,Osmerus eperlanus
Myoxocephalus quadricornis,Gasterosteus aculeatus
Myoxocephalus quadricornis,Clupea harengus
Myoxocephalus quadricornis,Myoxocephalus quadricornis
Esox masquinongy,Cyprinella spiloptera
Esox masquinongy,Pimephales promelas
Esox masquinongy,Micropterus salmoides
Esox masquinongy,Dorosoma cepedianum
Esox masquinongy,Pomoxis annularis
Esox masquinongy,Labidesthes sicculus
Esox masquinongy,Pimephales notatus
Esox masquinongy,Lepomis macrochirus
Esox masquinongy,Percina caprodes
Esox masquinongy,Coregonus artedi
Esox masquinongy,Perca flavescens
Esox masquinongy,Ameiurus nebulosus
Esox masquinongy,Sander vitreus
Esox masquinongy,Catostomus commersonii
Esox masquinongy,Lepomis gibbosus
Esox masquinongy,Cyprinus carpio
Esox masquinongy,Pomoxis nigromaculatus
Gambusia affinis,Fundulus diaphanus
Gambusia affinis,Fundulus dispar
Gambusia affinis,Iotichthys phlegethontis
Gambusia affinis,Neochanna diversus
Gambusia affinis,Fundulus kansae
Gambusia affinis,Fundulus julisia
Gambusia affinis,Gambusia affinis
Gambusia affinis,Poeciliopsis occidentalis
Clupea pallasii,Thaleichthys pacificus
Clupea pallasii,Clupea pallasii
Scomberomorus commerson,Rastrelliger brachysoma
Scomberomorus commerson,Chanos chanos
Scomberomorus commerson,Lates calcarifer
Pterogymnus laniarius,Sardinops sagax
Barbus barbus,Barbus caninus
Barbus barbus,Sabanejewia larvata
Barbus barbus,Alburnus arborella
Barbus barbus,Chondrostoma soetta
Barbus barbus,Salmo labrax
Barbus barbus,Telestes muticellus
Barbus barbus,Rutilus aula
Barbus barbus,Acipenser naccarii
Barbus barbus,Salmo marmoratus
Barbus barbus,Alosa fallax
Barbus barbus,Hypophthalmichthys molitrix
Barbus barbus,Carassius carassius
Barbus barbus,Cobitis bilineata
Barbus barbus,Cobitis taenia
Barbus barbus,Telestes souffia
Barbus barbus,Padogobius bonelli
Barbus barbus,Pseudorasbora parva
Barbus barbus,Squalius cephalus
Barbus barbus,Salvelinus namaycush
Barbus barbus,Ctenopharyngodon idella
Barbus barbus,Gasterosteus aculeatus
Barbus barbus,Carassius auratus
Barbus barbus,Rutilus pigus
Barbus barbus,Parachondrostoma toxostoma
Barbus barbus,Ponticola kessleri
Barbus barbus,Leucaspius delineatus
Barbus barbus,Hypophthalmichthys nobilis
Barbus barbus,Salaria fluviatilis
Barbus barbus,Phoxinus phoxinus
Barbus barbus,Gobio gobio
Barbus barbus,Rhodeus amarus
Barbus barbus,Chondrostoma nasus
Barbus barbus,Leuciscus leuciscus
Paralichthys lethostigma,Anchoa mitchilli
Paralichthys lethostigma,Leiostomus xanthurus
Paralichthys lethostigma,Archosargus probatocephalus
Paralichthys lethostigma,Lagodon rhomboides
Paralichthys lethostigma,Paralichthys lethostigma
Ocyurus chrysurus,Clepticus parrae
Lota lota,Coregonus albula
Lota lota,Lota lota
Lota lota,Thymallus arcticus
Lota lota,Perca flavescens
Lota lota,Percopsis omiscomaycus
Lota lota,Percina caprodes
Lota lota,Cottus cognatus
Lota lota,Gobio gobio
Lota lota,Salvelinus alpinus
Lota lota,Myoxocephalus thompsonii
Lota lota,Oncorhynchus nerka
Lota lota,Gymnocephalus cernua
Lota lota,Etheostoma caeruleum
Lota lota,Aplodinotus grunniens
Lota lota,Osmerus mordax
Lota lota,Alosa pseudoharengus
Lota lota,Osmerus eperlanus
Lota lota,Coregonus lavaretus
Lota lota,Sander vitreus
Lota lota,Morone chrysops
Lota lota,Barbus caninus
Lota lota,Sabanejewia larvata
Lota lota,Alburnus arborella
Lota lota,Leucaspius delineatus
Lota lota,Chondrostoma soetta
Lota lota,Salmo labrax
Lota lota,Telestes muticellus
Lota lota,Rutilus aula
Lota lota,Acipenser naccarii
Lota lota,Salmo marmoratus
Lota lota,Alburnus alburnus
Lota lota,Alosa fallax
Lota lota,Zoarces viviparus
Lota lota,Hypophthalmichthys molitrix
Lota lota,Carassius carassius
Lota lota,Cobitis bilineata
Lota lota,Cobitis taenia
Lota lota,Telestes souffia
Lota lota,Padogobius bonelli
Lota lota,Pseudorasbora parva
Lota lota,Squalius cephalus
Lota lota,Salvelinus namaycush
Lota lota,Ctenopharyngodon idella
Lota lota,Gasterosteus aculeatus
Lota lota,Carassius auratus
Lota lota,Coregonus peled
Lota lota,Rutilus pigus
Lota lota,Parachondrostoma toxostoma
Lota lota,Stenodus leucichthys
Lota lota,Ponticola kessleri
Lota lota,Hypophthalmichthys nobilis
Lota lota,Salaria fluviatilis
Lota lota,Coregonus clupeaformis
Lota lota,Phoxinus phoxinus
Lota lota,Rhodeus amarus
Lota lota,Coregonus sardinella
Lota lota,Chondrostoma nasus
Lota lota,Leuciscus leuciscus
Lota lota,Barbus barbus
Lota lota,Thymallus thymallus
Lota lota,Scardinius erythrophthalmus
Lota lota,Blicca bjoerkna
Lota lota,Acipenser sturio
Lota lota,Barbus plebejus
Lota lota,Barbatula barbatula
Lota lota,Couesius plumbeus
Lota lota,Sander lucioperca
Lota lota,Notropis atherinoides
Lota lota,Oncorhynchus mykiss
Lota lota,Cottus ricei
Gobius paganellus,Coryphoblennius galerita
Gobius paganellus,Lipophrys pholis
Gobius paganellus,Symphodus melops
Gobius paganellus,Gobius paganellus
Salaria fluviatilis,Barbus caninus
Salaria fluviatilis,Sabanejewia larvata
Salaria fluviatilis,Alburnus arborella
Salaria fluviatilis,Chondrostoma soetta
Salaria fluviatilis,Salmo labrax
Salaria fluviatilis,Telestes muticellus
Salaria fluviatilis,Rutilus aula
Salaria fluviatilis,Acipenser naccarii
Salaria fluviatilis,Salmo marmoratus
Salaria fluviatilis,Alosa fallax
Salaria fluviatilis,Hypophthalmichthys molitrix
Salaria fluviatilis,Carassius carassius
Salaria fluviatilis,Cobitis bilineata
Salaria fluviatilis,Cobitis taenia
Salaria fluviatilis,Telestes souffia
Salaria fluviatilis,Padogobius bonelli
Salaria fluviatilis,Pseudorasbora parva
Salaria fluviatilis,Squalius cephalus
Salaria fluviatilis,Salvelinus namaycush
Salaria fluviatilis,Ctenopharyngodon idella
Salaria fluviatilis,Gasterosteus aculeatus
Salaria fluviatilis,Carassius auratus
Salaria fluviatilis,Rutilus pigus
Salaria fluviatilis,Parachondrostoma toxostoma
Salaria fluviatilis,Ponticola kessleri
Salaria fluviatilis,Leucaspius delineatus
Salaria fluviatilis,Hypophthalmichthys nobilis
Salaria fluviatilis,Gobio gobio
Salaria fluviatilis,Rhodeus amarus
Salaria fluviatilis,Phoxinus phoxinus
Salaria fluviatilis,Leuciscus leuciscus
Salaria fluviatilis,Salmo salar
Salaria fluviatilis,Chondrostoma nasus
Salaria fluviatilis,Salvelinus fontinalis
Salaria fluviatilis,Barbatula barbatula
Salaria fluviatilis,Perca fluviatilis
Salaria fluviatilis,Silurus glanis
Salaria fluviatilis,Tinca tinca
Salaria fluviatilis,Rutilus rutilus
Salaria fluviatilis,Scardinius erythrophthalmus
Salaria fluviatilis,Lepomis gibbosus
Salaria fluviatilis,Barbus plebejus
Salaria fluviatilis,Thymallus thymallus
Salaria fluviatilis,Alburnus alburnus
Salaria fluviatilis,Abramis brama
Salaria fluviatilis,Anguilla anguilla
Salaria fluviatilis,Cyprinus carpio
Salaria fluviatilis,Micropterus salmoides
Salaria fluviatilis,Oncorhynchus mykiss
Salaria fluviatilis,Salmo trutta
Salaria fluviatilis,Barbus barbus
Salaria fluviatilis,Sander lucioperca
Salaria fluviatilis,Acipenser sturio
Salaria fluviatilis,Cottus gobio
Salaria fluviatilis,Neogobius melanostomus
Salaria fluviatilis,Lota lota
Salaria fluviatilis,Gymnocephalus cernua
Salaria fluviatilis,Esox lucius
Salaria fluviatilis,Blicca bjoerkna
Terapon jarbua,Chanos chanos
Ameiurus catus,Dorosoma cepedianum
Serranochromis angusticeps,Schilbe intermedius
Oncorhynchus mykiss,Galaxias brevipinnis
Oncorhynchus mykiss,Oncorhynchus nerka
Oncorhynchus mykiss,Gasterosteus aculeatus
Oncorhynchus mykiss,Gobiomorphus cotidianus
Oncorhynchus mykiss,Salvelinus fontinalis
Oncorhynchus mykiss,Oncorhynchus mykiss
Oncorhynchus mykiss,Salmo trutta
Oncorhynchus mykiss,Galaxias zebratus
Oncorhynchus mykiss,Retropinna retropinna
Oncorhynchus mykiss,Galaxias maculatus
Oncorhynchus mykiss,Phoxinus phoxinus
Oncorhynchus mykiss,Salvelinus alpinus
Scomberomorus munroi,Sardinops sagax
Channa striata,Labeo rohita
Channa striata,Cyprinus carpio
Pseudorasbora parva,Pseudorasbora parva
Salvelinus fontinalis,Salvelinus fontinalis
Salvelinus fontinalis,Pimephales promelas
Salvelinus fontinalis,Poecilia reticulata
Salvelinus fontinalis,Rhinichthys atratulus
Salvelinus fontinalis,Catostomus commersonii
Salvelinus fontinalis,Luxilus cornutus
Salvelinus fontinalis,Pimephales notatus
Salvelinus fontinalis,Oncorhynchus mykiss
Salvelinus fontinalis,Salvelinus namaycush
Salvelinus fontinalis,Ameiurus nebulosus
Salvelinus fontinalis,Fundulus diaphanus
Salvelinus fontinalis,Notemigonus crysoleucas
Salvelinus fontinalis,Lepomis gibbosus
Salvelinus fontinalis,Semotilus atromaculatus
Salvelinus fontinalis,Perca flavescens
Salvelinus fontinalis,Culaea inconstans
Salvelinus fontinalis,Cottus bairdii
Salvelinus fontinalis,Salmo trutta
Salvelinus fontinalis,Salmo salar
Salvelinus fontinalis,Barbus caninus
Salvelinus fontinalis,Sabanejewia larvata
Salvelinus fontinalis,Alburnus arborella
Salvelinus fontinalis,Leucaspius delineatus
Salvelinus fontinalis,Chondrostoma soetta
Salvelinus fontinalis,Salmo labrax
Salvelinus fontinalis,Telestes muticellus
Salvelinus fontinalis,Rutilus aula
Salvelinus fontinalis,Acipenser naccarii
Salvelinus fontinalis,Percopsis omiscomaycus
Salvelinus fontinalis,Salmo marmoratus
Salvelinus fontinalis,Alosa fallax
Salvelinus fontinalis,Hypophthalmichthys molitrix
Salvelinus fontinalis,Carassius carassius
Salvelinus fontinalis,Cobitis bilineata
Salvelinus fontinalis,Cobitis taenia
Coregonus autumnalis,Osmerus dentex
Carasobarbus canis,Garra rufa
Morone saxatilis,Alosa sapidissima
Morone saxatilis,Anchoa mitchilli
Morone saxatilis,Alosa aestivalis
Morone saxatilis,Alosa pseudoharengus
Morone saxatilis,Acipenser oxyrinchus
Morone saxatilis,Hypomesus transpacificus
Morone saxatilis,Xyrauchen texanus
Morone saxatilis,Oncorhynchus tshawytscha
Morone saxatilis,Fundulus seminolis
Morone saxatilis,Anguilla rostrata
Morone saxatilis,Microgadus tomcod
Morone saxatilis,Cymatogaster aggregata
Morone saxatilis,Sphoeroides maculatus
Morone saxatilis,Leiostomus xanthurus
Morone saxatilis,Trinectes maculatus
Morone saxatilis,Eucinostomus argenteus
Morone saxatilis,Labidesthes sicculus
Morone saxatilis,Ameiurus catus
Morone saxatilis,Stenotomus chrysops
Morone saxatilis,Dorosoma petenense
Morone saxatilis,Gambusia affinis
Morone saxatilis,Tautoga onitis
Morone saxatilis,Osmerus mordax
Morone saxatilis,Mugil curema
Morone saxatilis,Strongylura marina
Morone saxatilis,Morone americana
Morone saxatilis,Lepomis macrochirus
Morone saxatilis,Hypsoblennius hentz
Morone saxatilis,Cyprinus carpio
Morone saxatilis,Dorosoma cepedianum
Morone saxatilis,Scomber scombrus
Morone saxatilis,Morone saxatilis
Morone saxatilis,Etheostoma olmstedi
Morone saxatilis,Clupea pallasii
Morone saxatilis,Apeltes quadracus
Morone saxatilis,Lucania parva
Morone saxatilis,Centropristis striata
Morone saxatilis,Alosa mediocris
Morone saxatilis,Cyprinodon variegatus
Morone saxatilis,Esox americanus
Morone saxatilis,Notropis hudsonius
Morone saxatilis,Notemigonus crysoleucas
Pomatoschistus minutus,Pleuronectes platessa
Pomatoschistus minutus,Pomatoschistus minutus
Pungitius pungitius,Pungitius pungitius
Epinephelus tauvina,Chanos chanos
Sarda sarda,Boops boops
Sarda sarda,Leiostomus xanthurus
Sarda sarda,Scomber japonicus
Sarda sarda,Scomber scombrus
Sarda sarda,Sarda sarda
Alosa fallax,Atherina boyeri
Alosa fallax,Pomatoschistus minutus
Alosa fallax,Pomatoschistus microps
Alosa fallax,Barbus caninus
Alosa fallax,Sabanejewia larvata
Alosa fallax,Alburnus arborella
Alosa fallax,Chondrostoma soetta
Alosa fallax,Salmo labrax
Alosa fallax,Telestes muticellus
Alosa fallax,Rutilus aula
Alosa fallax,Acipenser naccarii
Alosa fallax,Salmo marmoratus
Alosa fallax,Esox lucius
Alosa fallax,Micropterus salmoides
Alosa fallax,Hypophthalmichthys molitrix
Alosa fallax,Acipenser sturio
Alosa fallax,Carassius auratus
Alosa fallax,Lepomis gibbosus
Alosa fallax,Gasterosteus aculeatus
Alosa fallax,Lota lota
Alosa fallax,Blicca bjoerkna
Alosa fallax,Ponticola kessleri
Alosa fallax,Gymnocephalus cernua
Alosa fallax,Carassius carassius
Alosa fallax,Cyprinus carpio
Alosa fallax,Barbus plebejus
Alosa fallax,Salaria fluviatilis
Alosa fallax,Chondrostoma nasus
Alosa fallax,Alburnus alburnus
Alosa fallax,Parachondrostoma toxostoma
Alosa fallax,Gobio gobio
Alosa fallax,Phoxinus phoxinus
Alosa fallax,Salmo trutta
Alosa fallax,Leuciscus leuciscus
Alosa fallax,Abramis brama
Alosa fallax,Padogobius bonelli
Alosa fallax,Rutilus pigus
Alosa fallax,Ctenopharyngodon idella
Alosa fallax,Cottus gobio
Alosa fallax,Anguilla anguilla
Alosa fallax,Barbatula barbatula
Alosa fallax,Hypophthalmichthys nobilis
Alosa fallax,Rutilus rutilus
Alosa fallax,Perca fluviatilis
Alosa fallax,Salvelinus namaycush
Alosa fallax,Leucaspius delineatus
Alosa fallax,Pseudorasbora parva
Alosa fallax,Sander lucioperca
Alosa fallax,Telestes souffia
Alosa fallax,Oncorhynchus mykiss
Alosa fallax,Thymallus thymallus
Alosa fallax,Rhodeus amarus
Alosa fallax,Neogobius melanostomus
Alosa fallax,Cobitis taenia
Alosa fallax,Salmo salar
Alosa fallax,Cobitis bilineata
Alosa fallax,Silurus glanis
Alosa fallax,Tinca tinca
Alosa fallax,Scardinius erythrophthalmus
Alosa fallax,Squalius cephalus
Alosa fallax,Salvelinus fontinalis
Alosa fallax,Barbus barbus
Salmo salar,Clupea harengus
Salmo salar,Salmo salar
Salmo salar,Alosa pseudoharengus
Salmo salar,Gasterosteus aculeatus
Salmo salar,Pungitius pungitius
Salmo salar,Osmerus eperlanus
Salmo salar,Scomber scombrus
Lepidonotothen squamifrons,Lepidonotothen squamifrons
Serranus atricauda,Parablennius ruber
Serranus atricauda,Parablennius incognitus
Serranus atricauda,Coris julis
Serranus atricauda,Mullus surmuletus
Serranus atricauda,Lipophrys trigloides
Serranus atricauda,Coryphoblennius galerita
Serranus atricauda,Lipophrys pholis
Neochanna burrowsius,Neochanna burrowsius
Pagrus major,Scomber japonicus
Pagrus major,Engraulis japonicus
Eleotris acanthopoma,Redigobius bikolanus
Eleotris acanthopoma,Eleotris acanthopoma
Ambloplites rupestris,Ambloplites rupestris
Ambloplites rupestris,Micropterus dolomieu
Hydrocynus vittatus,Pharyngochromis acuticeps
Hydrocynus vittatus,Brycinus imberi
Hydrocynus vittatus,Brycinus lateralis
Hydrocynus vittatus,Limnothrissa miodon
Hydrocynus vittatus,Barbus paludinosus
Hydrocynus vittatus,Schilbe intermedius
Hydrocynus vittatus,Clarias gariepinus
Hydrocynus vittatus,Tilapia rendalli
Micropterus punctulatus,Etheostoma nigrum
Lepomis cyanellus,Xyrauchen texanus
Lepomis cyanellus,Gambusia affinis
Lepomis cyanellus,Hesperoleucus symmetricus
Scomber australasicus,Engraulis japonicus
Atherina boyeri,Atherina boyeri
Padogobius bonelli,Barbus caninus
Padogobius bonelli,Sabanejewia larvata
Padogobius bonelli,Alburnus arborella
Padogobius bonelli,Chondrostoma soetta
Padogobius bonelli,Salmo labrax
Padogobius bonelli,Telestes muticellus
Padogobius bonelli,Rutilus aula
Padogobius bonelli,Acipenser naccarii
Padogobius bonelli,Salmo marmoratus
Padogobius bonelli,Alosa fallax
Padogobius bonelli,Hypophthalmichthys molitrix
Padogobius bonelli,Carassius carassius
Padogobius bonelli,Cobitis bilineata
Padogobius bonelli,Cobitis taenia
Padogobius bonelli,Telestes souffia
Padogobius bonelli,Blicca bjoerkna
Padogobius bonelli,Parachondrostoma toxostoma
Padogobius bonelli,Sander lucioperca
Padogobius bonelli,Barbus plebejus
Padogobius bonelli,Lota lota
Padogobius bonelli,Lepomis gibbosus
Padogobius bonelli,Leuciscus leuciscus
Padogobius bonelli,Carassius auratus
Padogobius bonelli,Gasterosteus aculeatus
Padogobius bonelli,Barbus barbus
Padogobius bonelli,Salaria fluviatilis
Padogobius bonelli,Scardinius erythrophthalmus
Padogobius bonelli,Salvelinus namaycush
Padogobius bonelli,Salmo salar
Padogobius bonelli,Leucaspius delineatus
Padogobius bonelli,Micropterus salmoides
Padogobius bonelli,Anguilla anguilla
Padogobius bonelli,Squalius cephalus
Padogobius bonelli,Neogobius melanostomus
Padogobius bonelli,Thymallus thymallus
Padogobius bonelli,Phoxinus phoxinus
Padogobius bonelli,Rhodeus amarus
Padogobius bonelli,Silurus glanis
Padogobius bonelli,Gobio gobio
Padogobius bonelli,Salmo trutta
Padogobius bonelli,Acipenser sturio
Padogobius bonelli,Rutilus rutilus
Padogobius bonelli,Perca fluviatilis
Padogobius bonelli,Cyprinus carpio
Padogobius bonelli,Abramis brama
Padogobius bonelli,Gymnocephalus cernua
Padogobius bonelli,Pseudorasbora parva
Padogobius bonelli,Esox lucius
Padogobius bonelli,Ponticola kessleri
Padogobius bonelli,Rutilus pigus
Padogobius bonelli,Alburnus alburnus
Abudefduf saxatilis,Clepticus parrae
Chionodraco rastrospinosus,Gobionotothen gibberifrons
Notothenia coriiceps,Notothenia rossii
Notothenia coriiceps,Trematomus pennellii
Notothenia coriiceps,Trematomus hansoni
Notothenia coriiceps,Trematomus bernacchii
Notothenia coriiceps,Notothenia coriiceps
Strongylura marina,Anchoa mitchilli
Osmerus eperlanus,Osmerus eperlanus
Osmerus eperlanus,Clupea harengus
Micropterus coosae,Cyprinella trichroistia
Tinca tinca,Leucaspius delineatus
Cyprinella lutrensis,Xyrauchen texanus
Scartella cristata,Scartella cristata
Squalius cephalus,Gobio gobio
Squalius cephalus,Phoxinus phoxinus
Squalius cephalus,Anguilla anguilla
Squalius cephalus,Leuciscus leuciscus
Squalius cephalus,Rutilus rutilus
Squalius cephalus,Salmo trutta
Squalius cephalus,Cottus gobio
Squalius cephalus,Squalius cephalus
Noturus flavus,Etheostoma caeruleum
Scomberomorus queenslandicus,Sardinops sagax
