predator,prey
Alosa sapidissima,Oncorhynchus tshawytscha
Alosa sapidissima,Gammarus fasciatus
Alosa sapidissima,Hyalella azteca
Alosa sapidissima,Gammarus tigrinus
Esox lucius,Cyprinella spiloptera
Esox lucius,Erpobdella octoculata
Esox lucius,Serratella ignita
Esox lucius,Carassius carassius
Esox lucius,Elmis aenea
Esox lucius,Leuctra fusca
Esox lucius,Gasterosteus aculeatus
Esox lucius,Rhyacophila dorsalis
Esox lucius,Sigara lateralis
Esox lucius,Limnius volckmari
Esox lucius,Nemurella pictetii
Esox lucius,Gobio gobio
Esox lucius,Ancylus fluviatilis
Esox lucius,Astacus astacus
Esox lucius,Perca fluviatilis
Esox lucius,Baetis vernus
Esox lucius,Baetis rhodani
Esox lucius,Rhithrogena semicolorata
Esox lucius,Coregonus clupeaformis
Esox lucius,Tinca tinca
Esox lucius,Hydropsyche pellucidula
Esox lucius,Alburnus alburnus
Esox lucius,Dallia pectoralis
Esox lucius,Thymallus thymallus
Esox lucius,Labidesthes sicculus
Esox lucius,Pimephales notatus
Esox lucius,Gammarus pulex
Esox lucius,Leuciscus idus
Esox lucius,Gymnocephalus cernua
Esox lucius,Barbatula barbatula
Esox lucius,Sander lucioperca
Esox lucius,Lepomis gibbosus
Esox lucius,Procambarus clarkii
Esox lucius,Lota lota
Esox lucius,Sander vitreus
Esox lucius,Lepomis macrochirus
Esox lucius,Micropterus salmoides
Esox lucius,Dorosoma cepedianum
Esox lucius,Platichthys flesus
Esox lucius,Catostomus commersonii
Esox lucius,Salmo trutta
Esox lucius,Anguilla anguilla
Esox lucius,Cyprinus carpio
Esox lucius,Salmo salar
Esox lucius,Rutilus rutilus
Esox lucius,Esox lucius
Esox lucius,Agabus brunneus
Esox lucius,Deronectes latus
Esox lucius,Deronectes moestus
Esox lucius,Deronectes opatrinus
Esox lucius,Hydroporus memnonius
Esox lucius,Hydroporus sabaudus
Maccullochella peelii,Hypseleotris klunzingeri
Maccullochella peelii,Carassius auratus
Maccullochella peelii,Cyprinus carpio
Maccullochella peelii,Perca fluviatilis
Gasterosteus aculeatus,Potamopyrgus antipodarum
Gasterosteus aculeatus,Pleuronectes platessa
Gasterosteus aculeatus,Clupea pallasii
Gasterosteus aculeatus,Radix balthica
Gasterosteus aculeatus,Rhyacophila dorsalis
Gasterosteus aculeatus,Crangon crangon
Gasterosteus aculeatus,Physa fontinalis
Gasterosteus aculeatus,Baetis vernus
Gasterosteus aculeatus,Baetis rhodani
Gasterosteus aculeatus,Asellus aquaticus
Gasterosteus aculeatus,Gammarus fasciatus
Gasterosteus aculeatus,Corophium volutator
Gasterosteus aculeatus,Hyalella azteca
Gasterosteus aculeatus,Prodiamesa olivacea
Gasterosteus aculeatus,Gammarus tigrinus
Gasterosteus aculeatus,Hydropsyche pellucidula
Ameiurus nebulosus,Chironomus longistylus
Ameiurus nebulosus,Psectrotanypus varius
Ameiurus nebulosus,Pseudodiamesa branickii
Ameiurus nebulosus,Salvelinus namaycush
Ameiurus nebulosus,Paratendipes albimanus
Ameiurus nebulosus,Prodiamesa olivacea
Ameiurus nebulosus,Micropsectra junci
Ameiurus nebulosus,Dreissena polymorpha
Pomatoschistus microps,Corophium volutator
Pomatoschistus microps,Pomatoschistus minutus
Pomatoschistus microps,Marinogammarus marinus
Pomatoschistus microps,Crangon crangon
Pomatoschistus microps,Carcinus maenas
Pomatoschistus microps,Pomatoschistus microps
Oncorhynchus clarkii,Oncorhynchus nerka
Oncorhynchus clarkii,Clupea pallasii
Oncorhynchus clarkii,Oncorhynchus tshawytscha
Oncorhynchus clarkii,Boreogadus saida
Oncorhynchus clarkii,Oncorhynchus kisutch
Oncorhynchus clarkii,Oncorhynchus gorbuscha
Oncorhynchus clarkii,Oncorhynchus keta
Oncorhynchus clarkii,Oncorhynchus clarkii
Salmo trutta,Aoteapsyche colonica
Salmo trutta,Zelandobius furcillatus
Salmo trutta,Paracalliope fluviatilis
Salmo trutta,Erpobdella octoculata
Salmo trutta,Serratella ignita
Salmo trutta,Sialis lutaria
Salmo trutta,Cordulegaster boltonii
Salmo trutta,Ephemera danica
Salmo trutta,Agabus didymus
Salmo trutta,Radix balthica
Salmo trutta,Elmis aenea
Salmo trutta,Pycnocentria evecta
Salmo trutta,Leuctra fusca
Salmo trutta,Gasterosteus aculeatus
Salmo trutta,Rhyacophila dorsalis
Salmo trutta,Limnius volckmari
Salmo trutta,Nemurella pictetii
Salmo trutta,Physa fontinalis
Salmo trutta,Gobio gobio
Salmo trutta,Ancylus fluviatilis
Salmo trutta,Asellus aquaticus
Salmo trutta,Corophium volutator
Salmo trutta,Crangon crangon
Salmo trutta,Pomatoschistus minutus
Salmo trutta,Petromyzon marinus
Salmo trutta,Baetis rhodani
Salmo trutta,Rhithrogena semicolorata
Salmo trutta,Simulium vittatum
Salmo trutta,Hydropsyche pellucidula
Salmo trutta,Heptagenia sulphurea
Salmo trutta,Lymnaea stagnalis
Salmo trutta,Gammarus pulex
Salmo trutta,Gymnocephalus cernua
Salmo trutta,Sander lucioperca
Salmo trutta,Oncorhynchus mykiss
Salmo trutta,Lepomis macrochirus
Salmo trutta,Pungitius pungitius
Salmo trutta,Potamopyrgus antipodarum
Salmo trutta,Rutilus rutilus
Salmo trutta,Salvelinus fontinalis
Salmo trutta,Perca fluviatilis
Salmo trutta,Salmo salar
Salmo trutta,Salmo trutta
Lepomis gibbosus,Agabus brunneus
Lepomis gibbosus,Deronectes opatrinus
Lepomis gibbosus,Deronectes latus
Lepomis gibbosus,Deronectes moestus
Lepomis gibbosus,Hydroporus memnonius
Lepomis gibbosus,Hydroporus sabaudus
Lepomis gibbosus,Chironomus longistylus
Lepomis gibbosus,Psectrotanypus varius
Lepomis gibbosus,Pseudodiamesa branickii
Lepomis gibbosus,Ecdyonurus insignis
Lepomis gibbosus,Gammarus tigrinus
Lepomis gibbosus,Serratella ignita
Lepomis gibbosus,Ischnura pumilio
Lepomis gibbosus,Ephemera danica
Lepomis gibbosus,Aquarius paludum
Lepomis gibbosus,Paratendipes albimanus
Lepomis gibbosus,Coenagrion puella
Lepomis gibbosus,Calopteryx virgo
Lepomis gibbosus,Ischnura elegans
Lepomis gibbosus,Caenis luctuosa
Lepomis gibbosus,Agabus didymus
Lepomis gibbosus,Agapetus fuscipes
Lepomis gibbosus,Leuctra fusca
Paralichthys californicus,Paralichthys californicus
Paralichthys californicus,Atherinops affinis
Paralichthys californicus,Fundulus parvipinnis
Paralichthys californicus,Gillichthys mirabilis
Barbus barbus,Dikerogammarus villosus
Barbus barbus,Agabus brunneus
Barbus barbus,Deronectes opatrinus
Barbus barbus,Deronectes latus
Barbus barbus,Deronectes moestus
Barbus barbus,Hydroporus memnonius
Barbus barbus,Hydroporus sabaudus
Barbus barbus,Ecdyonurus insignis
Barbus barbus,Gammarus tigrinus
Barbus barbus,Serratella ignita
Barbus barbus,Ischnura pumilio
Barbus barbus,Carassius carassius
Barbus barbus,Ephemera danica
Barbus barbus,Pseudorasbora parva
Barbus barbus,Squalius cephalus
Barbus barbus,Carassius gibelio
Barbus barbus,Salvelinus namaycush
Barbus barbus,Ctenopharyngodon idella
Barbus barbus,Coenagrion puella
Barbus barbus,Calopteryx virgo
Barbus barbus,Ischnura elegans
Barbus barbus,Carassius auratus
Barbus barbus,Gasterosteus aculeatus
Barbus barbus,Agabus didymus
Barbus barbus,Caenis luctuosa
Barbus barbus,Agapetus fuscipes
Barbus barbus,Leuctra fusca
Barbus barbus,Dinocras cephalotes
Barbus barbus,Rhyacophila dorsalis
Barbus barbus,Deronectes aubei
Barbus barbus,Echinogammarus ischnus
Barbus barbus,Aphelocheirus aestivalis
Barbus barbus,Nemurella pictetii
Barbus barbus,Leucaspius delineatus
Barbus barbus,Hypophthalmichthys nobilis
Barbus barbus,Echinogammarus berilloni
Barbus barbus,Astacus astacus
Barbus barbus,Ecdyonurus venosus
Barbus barbus,Agabus bipustulatus
Barbus barbus,Baetis vernus
Barbus barbus,Baetis rhodani
Barbus barbus,Rhithrogena semicolorata
Barbus barbus,Drusus annulatus
Barbus barbus,Gobio gobio
Barbus barbus,Gammarus fossarum
Barbus barbus,Gammarus lacustris
Barbus barbus,Cloeon dipterum
Barbus barbus,Hydropsyche pellucidula
Barbus barbus,Gammarus roeselii
Barbus barbus,Heptagenia sulphurea
Barbus barbus,Alburnus alburnus
Barbus barbus,Rutilus rutilus
Barbus barbus,Sander lucioperca
Barbus barbus,Gymnocephalus cernua
Barbus barbus,Cyprinus carpio
Barbus barbus,Micropterus salmoides
Barbus barbus,Lota lota
Barbus barbus,Esox lucius
Barbus barbus,Thymallus thymallus
Micropterus dolomieu,Orconectes virilis
Micropterus dolomieu,Faxonius rusticus
Micropterus dolomieu,Gambusia affinis
Micropterus dolomieu,Oncorhynchus nerka
Micropterus dolomieu,Etheostoma caeruleum
Micropterus dolomieu,Oncorhynchus kisutch
Micropterus dolomieu,Oncorhynchus mykiss
Micropterus dolomieu,Lepomis megalotis
Micropterus dolomieu,Etheostoma nigrum
Micropterus dolomieu,Cottus bairdii
Micropterus dolomieu,Oncorhynchus tshawytscha
Micropterus dolomieu,Coregonus artedi
Micropterus dolomieu,Micropterus dolomieu
Micropterus dolomieu,Pseudobarbus phlegethon
Micropterus dolomieu,Catostomus commersonii
Micropterus dolomieu,Gymnocephalus cernua
Micropterus dolomieu,Coregonus clupeaformis
Micropterus dolomieu,Lepomis gibbosus
Micropterus dolomieu,Osmerus mordax
Micropterus dolomieu,Salvelinus namaycush
Micropterus dolomieu,Ameiurus nebulosus
Micropterus dolomieu,Micropterus salmoides
Micropterus dolomieu,Notemigonus crysoleucas
Pleuronectes platessa,Corophium volutator
Pleuronectes platessa,Pagurus bernhardus
Pleuronectes platessa,Pomatoschistus minutus
Pleuronectes platessa,Crangon crangon
Pleuronectes platessa,Pleuronectes platessa
Pleuronectes platessa,Carcinus maenas
Pleuronectes platessa,Marinogammarus marinus
Pleuronectes platessa,Littorina saxatilis
Syngnathus acus,Crangon crangon
Oncorhynchus keta,Clupea pallasii
Menidia menidia,Gammarus fasciatus
Menidia menidia,Hyalella azteca
Menidia menidia,Gammarus tigrinus
Acanthopagrus schlegelii,Syngnathus acus
Anguilla australis,Gobiomorphus cotidianus
Anguilla australis,Potamopyrgus antipodarum
Anguilla australis,Retropinna retropinna
Anguilla australis,Gambusia affinis
Anguilla australis,Galaxias maculatus
Anguilla australis,Carassius auratus
Gobius niger,Pomatoschistus minutus
Gobius niger,Crangon crangon
Gobius niger,Carcinus maenas
Gobius niger,Palaemon longirostris
Gobius niger,Palaemon elegans
Gobius niger,Gobius paganellus
Gobius niger,Gobius niger
Cyprinodon variegatus,Cyprinodon variegatus
Fundulus grandis,Gambusia affinis
Fundulus grandis,Gammarus tigrinus
Fundulus grandis,Menidia beryllina
Fundulus grandis,Poecilia latipinna
Fundulus grandis,Fundulus grandis
Sphoeroides maculatus,Gammarus fasciatus
Sphoeroides maculatus,Hyalella azteca
Sphoeroides maculatus,Gammarus tigrinus
Pegusa lascaris,Crangon crangon
Dorosoma cepedianum,Gammarus fasciatus
Dorosoma cepedianum,Hyalella azteca
Dorosoma cepedianum,Gammarus tigrinus
Dorosoma cepedianum,Dorosoma cepedianum
Pseudorasbora parva,Pseudorasbora parva
Pseudorasbora parva,Agabus brunneus
Pseudorasbora parva,Deronectes latus
Pseudorasbora parva,Deronectes opatrinus
Pseudorasbora parva,Deronectes moestus
Pseudorasbora parva,Hydroporus memnonius
Pseudorasbora parva,Hydroporus sabaudus
Pseudorasbora parva,Ecdyonurus insignis
Pseudorasbora parva,Gammarus tigrinus
Pseudorasbora parva,Serratella ignita
Pseudorasbora parva,Ischnura pumilio
Pseudorasbora parva,Ephemera danica
Pseudorasbora parva,Agabus didymus
Pseudorasbora parva,Ischnura elegans
Pseudorasbora parva,Gammarus roeselii
Pseudorasbora parva,Rhithrogena semicolorata
Pseudorasbora parva,Agapetus fuscipes
Pseudorasbora parva,Coenagrion puella
Pseudorasbora parva,Astacus astacus
Pseudorasbora parva,Agabus bipustulatus
Pseudorasbora parva,Leuctra fusca
Pseudorasbora parva,Cloeon dipterum
Pseudorasbora parva,Caenis luctuosa
Pseudorasbora parva,Nemurella pictetii
Pseudorasbora parva,Dinocras cephalotes
Pseudorasbora parva,Dikerogammarus villosus
Pseudorasbora parva,Heptagenia sulphurea
Pseudorasbora parva,Gammarus lacustris
Morone chrysops,Gambusia affinis
Morone chrysops,Lepomis macrochirus
Morone chrysops,Sander vitreus
Morone chrysops,Dorosoma cepedianum
Morone chrysops,Cyprinus carpio
Morone chrysops,Morone chrysops
Salvelinus fontinalis,Hyalella azteca
Salvelinus fontinalis,Erpobdella octoculata
Salvelinus fontinalis,Chironomus thummi
Salvelinus fontinalis,Epeorus longimanus
Salvelinus fontinalis,Baetis bicaudatus
Salvelinus fontinalis,Rhyacophila brunnea
Salvelinus fontinalis,Drunella coloradensis
Salvelinus fontinalis,Oncorhynchus mykiss
Salvelinus fontinalis,Cottus bairdii
Salvelinus fontinalis,Salmo trutta
Salvelinus fontinalis,Salmo salar
Salvelinus fontinalis,Salvelinus fontinalis
Salvelinus fontinalis,Agabus brunneus
Salvelinus fontinalis,Deronectes moestus
Salvelinus fontinalis,Deronectes latus
Salvelinus fontinalis,Deronectes opatrinus
Salvelinus fontinalis,Hydroporus memnonius
Salvelinus fontinalis,Hydroporus sabaudus
Salvelinus fontinalis,Ecdyonurus insignis
Salvelinus fontinalis,Leucaspius delineatus
Salvelinus fontinalis,Gammarus tigrinus
Salvelinus fontinalis,Serratella ignita
Salvelinus fontinalis,Sialis lutaria
Salvelinus fontinalis,Ischnura pumilio
Salvelinus fontinalis,Carassius carassius
Salvelinus fontinalis,Ephemera danica
Salvelinus fontinalis,Pseudorasbora parva
Salvelinus fontinalis,Squalius cephalus
Salvelinus fontinalis,Carassius gibelio
Salvelinus fontinalis,Salvelinus namaycush
Salvelinus fontinalis,Ctenopharyngodon idella
Salvelinus fontinalis,Coenagrion puella
Salvelinus fontinalis,Calopteryx virgo
Salvelinus fontinalis,Ischnura elegans
Salvelinus fontinalis,Carassius auratus
Salvelinus fontinalis,Gasterosteus aculeatus
Salvelinus fontinalis,Caenis luctuosa
Salvelinus fontinalis,Agabus didymus
Salvelinus fontinalis,Agapetus fuscipes
Micropterus floridanus,Neogobius melanostomus
Gobio gobio,Chironomus thummi
Gobio gobio,Agabus brunneus
Gobio gobio,Deronectes latus
Gobio gobio,Deronectes opatrinus
Gobio gobio,Deronectes moestus
Gobio gobio,Hydroporus memnonius
Gobio gobio,Hydroporus sabaudus
Gobio gobio,Ecdyonurus insignis
Gobio gobio,Gammarus tigrinus
Gobio gobio,Serratella ignita
Gobio gobio,Ischnura pumilio
Gobio gobio,Ephemera danica
Gobio gobio,Squalius cephalus
Gobio gobio,Coenagrion puella
Gobio gobio,Calopteryx virgo
Gobio gobio,Ischnura elegans
Gobio gobio,Agabus didymus
Gobio gobio,Caenis luctuosa
Gobio gobio,Elmis aenea
Gobio gobio,Agapetus fuscipes
Gobio gobio,Leuctra fusca
Gobio gobio,Dinocras cephalotes
Gobio gobio,Rhyacophila dorsalis
Gobio gobio,Deronectes aubei
Gobio gobio,Echinogammarus ischnus
Gobio gobio,Limnius volckmari
Gobio gobio,Aphelocheirus aestivalis
Gobio gobio,Dikerogammarus villosus
Gobio gobio,Nemurella pictetii
Gobio gobio,Ancylus fluviatilis
Gobio gobio,Echinogammarus berilloni
Gobio gobio,Astacus astacus
Gobio gobio,Ecdyonurus venosus
Gobio gobio,Agabus bipustulatus
Gobio gobio,Baetis rhodani
Gobio gobio,Baetis vernus
Gobio gobio,Rhithrogena semicolorata
Gobio gobio,Drusus annulatus
Semotilus atromaculatus,Phagocata gracilis
Semotilus atromaculatus,Daphnia galeata
Semotilus atromaculatus,Etheostoma nigrum
Gymnocephalus cernua,Asellus aquaticus
Gymnocephalus cernua,Pomatoschistus microps
Gymnocephalus cernua,Crangon crangon
Gymnocephalus cernua,Sander vitreus
Gymnocephalus cernua,Agabus brunneus
Gymnocephalus cernua,Deronectes latus
Gymnocephalus cernua,Deronectes opatrinus
Gymnocephalus cernua,Deronectes moestus
Gymnocephalus cernua,Hydroporus memnonius
Gymnocephalus cernua,Hydroporus sabaudus
Gymnocephalus cernua,Ecdyonurus insignis
Gymnocephalus cernua,Gammarus tigrinus
Gymnocephalus cernua,Serratella ignita
Gymnocephalus cernua,Ischnura pumilio
Gymnocephalus cernua,Ephemera danica
Gymnocephalus cernua,Coenagrion puella
Gymnocephalus cernua,Calopteryx virgo
Gymnocephalus cernua,Ischnura elegans
Gymnocephalus cernua,Caenis luctuosa
Gymnocephalus cernua,Agabus didymus
Gymnocephalus cernua,Agapetus fuscipes
Gymnocephalus cernua,Leuctra fusca
Gymnocephalus cernua,Dinocras cephalotes
Gymnocephalus cernua,Rhyacophila dorsalis
Gymnocephalus cernua,Deronectes aubei
Gymnocephalus cernua,Echinogammarus ischnus
Gymnocephalus cernua,Aphelocheirus aestivalis
Gymnocephalus cernua,Dikerogammarus villosus
Gymnocephalus cernua,Nemurella pictetii
Gymnocephalus cernua,Echinogammarus berilloni
Gymnocephalus cernua,Astacus astacus
Gymnocephalus cernua,Ecdyonurus venosus
Gymnocephalus cernua,Agabus bipustulatus
Gymnocephalus cernua,Baetis rhodani
Gymnocephalus cernua,Baetis vernus
Gymnocephalus cernua,Rhithrogena semicolorata
Gymnocephalus cernua,Drusus annulatus
Dicentrarchus labrax,Crangon crangon
Dicentrarchus labrax,Carcinus maenas
Dicentrarchus labrax,Dicentrarchus labrax
Diplodus sargus,Crangon crangon
Liopsetta glacialis,Crangon crangon
Micropterus salmoides,Gambusia affinis
Micropterus salmoides,Pimephales promelas
Micropterus salmoides,Oncorhynchus tshawytscha
Micropterus salmoides,Poecilia reticulata
Micropterus salmoides,Carassius auratus
Micropterus salmoides,Lepomis macrochirus
Micropterus salmoides,Lepomis gibbosus
Micropterus salmoides,Hypomesus transpacificus
Micropterus salmoides,Procambarus clarkii
Micropterus salmoides,Anguilla anguilla
Micropterus salmoides,Rutilus rutilus
Micropterus salmoides,Cyprinella lutrensis
Micropterus salmoides,Hypomesus nipponensis
Micropterus salmoides,Tinca tinca
Micropterus salmoides,Atyaephyra desmarestii
Micropterus salmoides,Gambusia holbrooki
Micropterus salmoides,Carassius gibelio
Micropterus salmoides,Hyalella azteca
Micropterus salmoides,Chironomus thummi
Micropterus salmoides,Pseudorasbora parva
Micropterus salmoides,Gammarus tigrinus
Micropterus salmoides,Labidesthes sicculus
Micropterus salmoides,Menidia beryllina
Micropterus salmoides,Pimephales notatus
Micropterus salmoides,Dorosoma petenense
Micropterus salmoides,Oncorhynchus mykiss
Micropterus salmoides,Lepomis cyanellus
Micropterus salmoides,Mugil cephalus
Micropterus salmoides,Sander vitreus
Micropterus salmoides,Dorosoma cepedianum
Micropterus salmoides,Notemigonus crysoleucas
Micropterus salmoides,Cyprinus carpio
Micropterus salmoides,Micropterus dolomieu
Micropterus salmoides,Micropterus salmoides
Micropterus salmoides,Chironomus longistylus
Micropterus salmoides,Pseudobarbus phlegethon
Micropterus salmoides,Sialis lutaria
Micropterus salmoides,Carassius carassius
Micropterus salmoides,Squalius cephalus
Micropterus salmoides,Salvelinus namaycush
Micropterus salmoides,Paratendipes albimanus
Micropterus salmoides,Ctenopharyngodon idella
Micropterus punctulatus,Etheostoma nigrum
Lepomis cyanellus,Xyrauchen texanus
Lepomis cyanellus,Gambusia affinis
Morone saxatilis,Alosa sapidissima
Morone saxatilis,Alosa pseudoharengus
Morone saxatilis,Corbicula fluminea
Morone saxatilis,Procambarus clarkii
Morone saxatilis,Hypomesus transpacificus
Morone saxatilis,Xyrauchen texanus
Morone saxatilis,Oncorhynchus tshawytscha
Morone saxatilis,Sphoeroides maculatus
Morone saxatilis,Boreogadus saida
Morone saxatilis,Labidesthes sicculus
Morone saxatilis,Menidia menidia
Morone saxatilis,Dorosoma petenense
Morone saxatilis,Gambusia affinis
Morone saxatilis,Mugil curema
Morone saxatilis,Osmerus mordax
Morone saxatilis,Lepomis macrochirus
Morone saxatilis,Dorosoma cepedianum
Morone saxatilis,Cyprinus carpio
Morone saxatilis,Fundulus heteroclitus
Morone saxatilis,Mugil cephalus
Morone saxatilis,Morone saxatilis
Morone saxatilis,Gammarus fasciatus
Morone saxatilis,Hyalella azteca
Morone saxatilis,Gammarus tigrinus
Morone saxatilis,Cyprinodon variegatus
Morone saxatilis,Notemigonus crysoleucas
Anguilla anguilla,Gammarus tigrinus
Anguilla anguilla,Pomatoschistus minutus
Anguilla anguilla,Serratella ignita
Anguilla anguilla,Sialis lutaria
Anguilla anguilla,Leuctra fusca
Anguilla anguilla,Rhyacophila dorsalis
Anguilla anguilla,Limnius volckmari
Anguilla anguilla,Erpobdella octoculata
Anguilla anguilla,Ancylus fluviatilis
Anguilla anguilla,Astacus astacus
Anguilla anguilla,Crangon crangon
Anguilla anguilla,Baetis vernus
Anguilla anguilla,Baetis rhodani
Anguilla anguilla,Asellus aquaticus
Anguilla anguilla,Hydropsyche pellucidula
Anguilla anguilla,Carcinus maenas
Anguilla anguilla,Dreissena polymorpha
Anguilla anguilla,Gammarus pulex
Anguilla anguilla,Gymnocephalus cernua
Anguilla anguilla,Sander lucioperca
Anguilla anguilla,Salmo trutta
Anguilla anguilla,Rutilus rutilus
Anguilla anguilla,Perca fluviatilis
Anguilla anguilla,Anguilla anguilla
Anguilla anguilla,Agabus brunneus
Anguilla anguilla,Deronectes latus
Anguilla anguilla,Deronectes opatrinus
Anguilla anguilla,Deronectes moestus
Anguilla anguilla,Hydroporus memnonius
Anguilla anguilla,Hydroporus sabaudus
Anguilla anguilla,Chironomus longistylus
Sciaenops ocellatus,Heterandria formosa
Sciaenops ocellatus,Gambusia affinis
Sciaenops ocellatus,Lagodon rhomboides
Sciaenops ocellatus,Fundulus grandis
Sciaenops ocellatus,Cyprinodon variegatus
Sciaenops ocellatus,Callinectes danae
Sciaenops ocellatus,Petrolisthes armatus
Sciaenops ocellatus,Gammarus tigrinus
Sciaenops ocellatus,Menidia beryllina
Sciaenops ocellatus,Mugil cephalus
Sciaenops ocellatus,Dorosoma cepedianum
Sciaenops ocellatus,Sciaenops ocellatus
Pomatoschistus minutus,Corophium volutator
Pomatoschistus minutus,Crangon crangon
Pomatoschistus minutus,Marinogammarus marinus
Pomatoschistus minutus,Carcinus maenas
Pomatoschistus minutus,Pleuronectes platessa
Pomatoschistus minutus,Pomatoschistus minutus
Kuhlia sandvicensis,Xiphophorus hellerii
Kuhlia sandvicensis,Poecilia reticulata
Lagodon rhomboides,Mugil cephalus
Lagodon rhomboides,Lagodon rhomboides
Lagodon rhomboides,Dreissena polymorpha
Pungitius pungitius,Pungitius pungitius
Atherinops affinis,Atherinops affinis
Barbatula barbatula,Serratella ignita
Barbatula barbatula,Sigara lateralis
Barbatula barbatula,Baetis rhodani
Barbatula barbatula,Baetis vernus
Barbatula barbatula,Asellus aquaticus
Barbatula barbatula,Prodiamesa olivacea
Barbatula barbatula,Hydropsyche pellucidula
Barbatula barbatula,Gammarus pulex
Barbatula barbatula,Potamopyrgus antipodarum
Barbatula barbatula,Agabus brunneus
Barbatula barbatula,Deronectes latus
Barbatula barbatula,Deronectes opatrinus
Barbatula barbatula,Deronectes moestus
Barbatula barbatula,Hydroporus memnonius
Barbatula barbatula,Hydroporus sabaudus
Barbatula barbatula,Ecdyonurus insignis
Barbatula barbatula,Gammarus tigrinus
Barbatula barbatula,Ischnura pumilio
Barbatula barbatula,Ephemera danica
Barbatula barbatula,Coenagrion puella
Barbatula barbatula,Calopteryx virgo
Barbatula barbatula,Ischnura elegans
Barbatula barbatula,Agabus didymus
Barbatula barbatula,Caenis luctuosa
Barbatula barbatula,Agapetus fuscipes
Barbatula barbatula,Leuctra fusca
Barbatula barbatula,Dinocras cephalotes
Barbatula barbatula,Rhyacophila dorsalis
Barbatula barbatula,Deronectes aubei
Barbatula barbatula,Echinogammarus ischnus
Barbatula barbatula,Aphelocheirus aestivalis
Barbatula barbatula,Dikerogammarus villosus
Barbatula barbatula,Nemurella pictetii
Barbatula barbatula,Echinogammarus berilloni
Barbatula barbatula,Astacus astacus
Barbatula barbatula,Ecdyonurus venosus
Barbatula barbatula,Agabus bipustulatus
Barbatula barbatula,Rhithrogena semicolorata
Barbatula barbatula,Drusus annulatus
Barbatula barbatula,Gammarus fossarum
Barbatula barbatula,Gammarus lacustris
Barbatula barbatula,Cloeon dipterum
Barbatula barbatula,Gammarus roeselii
Barbatula barbatula,Heptagenia sulphurea
Acipenser brevirostrum,Dreissena polymorpha
Seriola lalandi,Perca fluviatilis
Perca fluviatilis,Astacus astacus
Perca fluviatilis,Crangonyx pseudogracilis
Perca fluviatilis,Asellus aquaticus
Perca fluviatilis,Gymnocephalus cernua
Perca fluviatilis,Sander lucioperca
Perca fluviatilis,Platichthys flesus
Perca fluviatilis,Anguilla anguilla
Perca fluviatilis,Esox lucius
Perca fluviatilis,Perca fluviatilis
Perca fluviatilis,Agabus brunneus
Perca fluviatilis,Deronectes latus
Perca fluviatilis,Deronectes opatrinus
Perca fluviatilis,Deronectes moestus
Perca fluviatilis,Hydroporus memnonius
Perca fluviatilis,Hydroporus sabaudus
Perca fluviatilis,Ecdyonurus insignis
Perca fluviatilis,Leucaspius delineatus
Perca fluviatilis,Maccullochella peelii
Perca fluviatilis,Atyaephyra desmarestii
Perca fluviatilis,Gammarus tigrinus
Perca fluviatilis,Zoarces viviparus
Perca fluviatilis,Serratella ignita
Perca fluviatilis,Sialis lutaria
Perca fluviatilis,Ischnura pumilio
Perca fluviatilis,Carassius carassius
Perca fluviatilis,Ephemera danica
Perca fluviatilis,Pseudorasbora parva
Perca fluviatilis,Squalius cephalus
Perca fluviatilis,Carassius gibelio
Perca fluviatilis,Salvelinus namaycush
Perca fluviatilis,Ctenopharyngodon idella
Perca fluviatilis,Coenagrion puella
Perca fluviatilis,Calopteryx virgo
Perca fluviatilis,Ischnura elegans
Perca fluviatilis,Carassius auratus
Perca fluviatilis,Gasterosteus aculeatus
Perca fluviatilis,Caenis luctuosa
Perca fluviatilis,Agabus didymus
Perca fluviatilis,Agapetus fuscipes
Perca fluviatilis,Leuctra fusca
Perca fluviatilis,Dinocras cephalotes
Perca fluviatilis,Rhyacophila dorsalis
Perca fluviatilis,Deronectes aubei
Perca fluviatilis,Echinogammarus ischnus
Perca fluviatilis,Aphelocheirus aestivalis
Perca fluviatilis,Saduria entomon
Perca fluviatilis,Dikerogammarus villosus
Perca fluviatilis,Nemurella pictetii
Atractosteus spatula,Oreochromis niloticus
Atractosteus spatula,Atractosteus spatula
Atractosteus spatula,Lagodon rhomboides
Atractosteus spatula,Mugil cephalus
Salvelinus alpinus,Boreogadus saida
Salvelinus alpinus,Pungitius pungitius
Salvelinus alpinus,Gammarus lacustris
Salvelinus alpinus,Salvelinus alpinus
Salvelinus alpinus,Gasterosteus aculeatus
Salvelinus alpinus,Chironomus thummi
Salvelinus alpinus,Oncorhynchus nerka
Salvelinus alpinus,Chanos chanos
Salvelinus alpinus,Oncorhynchus kisutch
Carassius carassius,Daphnia magna
Carassius auratus,Gammarus fossarum
Acipenser baerii,Saduria entomon
Oncorhynchus kisutch,Carcinus maenas
Oncorhynchus kisutch,Oncorhynchus gorbuscha
Oncorhynchus kisutch,Oncorhynchus keta
Oncorhynchus kisutch,Boreogadus saida
Oncorhynchus kisutch,Oncorhynchus nerka
Oncorhynchus kisutch,Alosa pseudoharengus
Oncorhynchus kisutch,Oncorhynchus clarkii
Oncorhynchus kisutch,Gasterosteus aculeatus
Oncorhynchus kisutch,Clupea pallasii
Oncorhynchus kisutch,Oncorhynchus tshawytscha
Oncorhynchus kisutch,Alosa sapidissima
Oncorhynchus kisutch,Osmerus mordax
Oncorhynchus kisutch,Dorosoma cepedianum
Oncorhynchus kisutch,Notropis atherinoides
Zoarces viviparus,Marinogammarus marinus
Zoarces viviparus,Saduria entomon
Zoarces viviparus,Crangon crangon
Zoarces viviparus,Corophium volutator
Zoarces viviparus,Carcinus maenas
Zoarces viviparus,Potamopyrgus antipodarum
Zoarces viviparus,Zoarces viviparus
Notropis atherinoides,Chironomus thummi
Rutilus rutilus,Chironomus thummi
Rutilus rutilus,Elmis aenea
Rutilus rutilus,Rhyacophila dorsalis
Rutilus rutilus,Sigara lateralis
Rutilus rutilus,Limnius volckmari
Rutilus rutilus,Asellus aquaticus
Rutilus rutilus,Hydropsyche pellucidula
Rutilus rutilus,Dreissena polymorpha
Rutilus rutilus,Agabus brunneus
Rutilus rutilus,Deronectes moestus
Rutilus rutilus,Deronectes opatrinus
Rutilus rutilus,Deronectes latus
Rutilus rutilus,Hydroporus memnonius
Rutilus rutilus,Hydroporus sabaudus
Rutilus rutilus,Ecdyonurus insignis
Rutilus rutilus,Gammarus tigrinus
Rutilus rutilus,Serratella ignita
Rutilus rutilus,Ischnura pumilio
Rutilus rutilus,Ephemera danica
Rutilus rutilus,Coenagrion puella
Rutilus rutilus,Calopteryx virgo
Rutilus rutilus,Ischnura elegans
Rutilus rutilus,Caenis luctuosa
Rutilus rutilus,Agabus didymus
Rutilus rutilus,Agapetus fuscipes
Rutilus rutilus,Leuctra fusca
Rutilus rutilus,Dinocras cephalotes
Rutilus rutilus,Deronectes aubei
Rutilus rutilus,Echinogammarus ischnus
Rutilus rutilus,Aphelocheirus aestivalis
Rutilus rutilus,Dikerogammarus villosus
Rutilus rutilus,Nemurella pictetii
Rutilus rutilus,Echinogammarus berilloni
Rutilus rutilus,Astacus astacus
Rutilus rutilus,Ecdyonurus venosus
Rutilus rutilus,Agabus bipustulatus
Rutilus rutilus,Baetis vernus
Rutilus rutilus,Baetis rhodani
Belonesox belizanus,Gambusia holbrooki
Alburnus alburnus,Ecdyonurus insignis
Alburnus alburnus,Serratella ignita
Alburnus alburnus,Ephemera danica
Alburnus alburnus,Caenis luctuosa
Alburnus alburnus,Agapetus fuscipes
Alburnus alburnus,Leuctra fusca
Alburnus alburnus,Dinocras cephalotes
Alburnus alburnus,Rhyacophila dorsalis
Alburnus alburnus,Nemurella pictetii
Alburnus alburnus,Ecdyonurus venosus
Alburnus alburnus,Baetis rhodani
Alburnus alburnus,Baetis vernus
Alburnus alburnus,Rhithrogena semicolorata
Alburnus alburnus,Drusus annulatus
Alburnus alburnus,Cloeon dipterum
Alburnus alburnus,Hydropsyche pellucidula
Alburnus alburnus,Heptagenia sulphurea
Luxilus cornutus,Daphnia galeata
Luxilus cornutus,Gammarus fasciatus
Luxilus cornutus,Hyalella azteca
Luxilus cornutus,Gammarus tigrinus
Prosopium williamsoni,Prosopium williamsoni
Prosopium williamsoni,Oncorhynchus kisutch
Cyprinus carpio,Agabus brunneus
Cyprinus carpio,Deronectes opatrinus
Cyprinus carpio,Deronectes moestus
Cyprinus carpio,Deronectes latus
Cyprinus carpio,Hydroporus memnonius
Cyprinus carpio,Hydroporus sabaudus
Cyprinus carpio,Chironomus longistylus
Cyprinus carpio,Psectrotanypus varius
Cyprinus carpio,Pseudodiamesa branickii
Cyprinus carpio,Ecdyonurus insignis
Cyprinus carpio,Gammarus tigrinus
Cyprinus carpio,Serratella ignita
Oncorhynchus tshawytscha,Potamopyrgus antipodarum
Oncorhynchus tshawytscha,Oncorhynchus kisutch
Oncorhynchus tshawytscha,Oncorhynchus mykiss
Oncorhynchus tshawytscha,Oncorhynchus keta
Oncorhynchus tshawytscha,Osmerus mordax
Oncorhynchus tshawytscha,Alosa pseudoharengus
Oncorhynchus tshawytscha,Clupea pallasii
Oncorhynchus tshawytscha,Oncorhynchus tshawytscha
Bathygobius soporator,Bathygobius soporator
Bathygobius fuscus,Bathygobius fuscus
Acipenser transmontanus,Palaemon macrodactylus
Acipenser transmontanus,Corbicula fluminea
Acipenser transmontanus,Alosa sapidissima
Carassius gibelio,Agabus brunneus
Carassius gibelio,Deronectes opatrinus
Carassius gibelio,Deronectes moestus
Carassius gibelio,Deronectes latus
Carassius gibelio,Hydroporus memnonius
Carassius gibelio,Hydroporus sabaudus
Carassius gibelio,Chironomus longistylus
Carassius gibelio,Psectrotanypus varius
Carassius gibelio,Pseudodiamesa branickii
Carassius gibelio,Ecdyonurus insignis
Carassius gibelio,Gammarus tigrinus
Carassius gibelio,Serratella ignita
Carassius gibelio,Ischnura pumilio
Carassius gibelio,Ephemera danica
Carassius gibelio,Aquarius paludum
Cottus cognatus,Oncorhynchus mykiss
Leuciscus idus,Daphnia pulicaria
Leuciscus idus,Alburnus alburnus
Leuciscus idus,Rutilus rutilus
Pimephales promelas,Xyrauchen texanus
Myoxocephalus quadricornis,Saduria entomon
Myoxocephalus quadricornis,Corophium volutator
Myoxocephalus quadricornis,Zoarces viviparus
Myoxocephalus quadricornis,Gymnocephalus cernua
Myoxocephalus quadricornis,Gasterosteus aculeatus
Myoxocephalus quadricornis,Myoxocephalus quadricornis
Salvelinus namaycush,Alosa pseudoharengus
Salvelinus namaycush,Neogobius melanostomus
Salvelinus namaycush,Oncorhynchus nerka
Salvelinus namaycush,Osmerus mordax
Salvelinus namaycush,Salvelinus confluentus
Salvelinus namaycush,Coregonus clupeaformis
Salvelinus namaycush,Coregonus artedi
Salvelinus namaycush,Salvelinus namaycush
Salvelinus namaycush,Catostomus commersonii
Salvelinus namaycush,Luxilus cornutus
Salvelinus namaycush,Pimephales notatus
Salvelinus namaycush,Salvelinus fontinalis
Salvelinus namaycush,Semotilus atromaculatus
Salvelinus namaycush,Notemigonus crysoleucas
Salvelinus namaycush,Micropterus salmoides
Salvelinus namaycush,Micropterus dolomieu
Salvelinus namaycush,Lepomis gibbosus
Salvelinus namaycush,Ameiurus nebulosus
Salvelinus namaycush,Myoxocephalus quadricornis
Salvelinus namaycush,Pungitius pungitius
Salvelinus namaycush,Cottus cognatus
Salvelinus namaycush,Notropis atherinoides
Salvelinus namaycush,Agabus brunneus
Salvelinus namaycush,Deronectes opatrinus
Salvelinus namaycush,Deronectes latus
Salvelinus namaycush,Deronectes moestus
Salvelinus namaycush,Hydroporus memnonius
Salvelinus namaycush,Hydroporus sabaudus
Salvelinus namaycush,Ecdyonurus insignis
Salvelinus namaycush,Gammarus tigrinus
Salvelinus namaycush,Serratella ignita
Salvelinus namaycush,Ischnura pumilio
Salvelinus namaycush,Carassius carassius
Salvelinus namaycush,Ephemera danica
Salvelinus namaycush,Pseudorasbora parva
Salvelinus namaycush,Squalius cephalus
Salvelinus namaycush,Carassius gibelio
Ictalurus punctatus,Lepomis macrochirus
Ictalurus punctatus,Dorosoma cepedianum
Ictalurus punctatus,Heterandria formosa
Ictalurus punctatus,Hyalella azteca
Ictalurus punctatus,Gammarus tigrinus
Ictalurus punctatus,Sander vitreus
Ictalurus punctatus,Morone chrysops
Ictalurus punctatus,Oncorhynchus nerka
Ictalurus punctatus,Oncorhynchus mykiss
Ictalurus punctatus,Corbicula fluminea
Ictalurus punctatus,Oncorhynchus tshawytscha
Ictalurus punctatus,Oncorhynchus kisutch
Ictalurus punctatus,Catostomus discobolus
Ictalurus punctatus,Catostomus latipinnis
Ictalurus punctatus,Pimephales promelas
Ictalurus punctatus,Rhinichthys osculus
Ictalurus punctatus,Cyprinus carpio
Ictalurus punctatus,Xyrauchen texanus
Menidia beryllina,Gammarus tigrinus
Menidia beryllina,Menidia beryllina
Menidia beryllina,Gammarus fasciatus
Menidia beryllina,Hyalella azteca
Lota lota,Lota lota
Lota lota,Thymallus arcticus
Lota lota,Gammarus pulex
Lota lota,Gammarus roeselii
Lota lota,Dikerogammarus villosus
Lota lota,Chironomus thummi
Lota lota,Cottus cognatus
Lota lota,Gobio gobio
Lota lota,Boreogadus saida
Lota lota,Salvelinus alpinus
Lota lota,Oncorhynchus nerka
Lota lota,Gymnocephalus cernua
Lota lota,Etheostoma caeruleum
Lota lota,Aplodinotus grunniens
Lota lota,Osmerus mordax
Lota lota,Alosa pseudoharengus
Lota lota,Morone chrysops
Lota lota,Sander vitreus
Lota lota,Agabus brunneus
Lota lota,Deronectes opatrinus
Lota lota,Deronectes latus
Lota lota,Deronectes moestus
Lota lota,Hydroporus memnonius
Lota lota,Hydroporus sabaudus
Lota lota,Ecdyonurus insignis
Lota lota,Leucaspius delineatus
Lota lota,Alburnus alburnus
Lota lota,Gammarus tigrinus
Lota lota,Zoarces viviparus
Lota lota,Serratella ignita
Lota lota,Ischnura pumilio
Lota lota,Carassius carassius
Lota lota,Ephemera danica
Lota lota,Pseudorasbora parva
Lota lota,Squalius cephalus
Lota lota,Carassius gibelio
Lota lota,Salvelinus namaycush
Lota lota,Ctenopharyngodon idella
Lota lota,Coenagrion puella
Lota lota,Calopteryx virgo
Lota lota,Ischnura elegans
Lota lota,Carassius auratus
Lota lota,Gasterosteus aculeatus
Lota lota,Caenis luctuosa
Lota lota,Agabus didymus
Lota lota,Agapetus fuscipes
Lota lota,Leuctra fusca
Lota lota,Dinocras cephalotes
Lota lota,Rhyacophila dorsalis
Lota lota,Deronectes aubei
Lota lota,Echinogammarus ischnus
Lota lota,Aphelocheirus aestivalis
Lota lota,Nemurella pictetii
Lota lota,Hypophthalmichthys nobilis
Lota lota,Echinogammarus berilloni
Lota lota,Astacus astacus
Lota lota,Ecdyonurus venosus
Lota lota,Agabus bipustulatus
Lota lota,Baetis rhodani
Lota lota,Baetis vernus
Lota lota,Rhithrogena semicolorata
Lota lota,Drusus annulatus
Lota lota,Coregonus clupeaformis
Lota lota,Gammarus fossarum
Lota lota,Gammarus lacustris
Lota lota,Cloeon dipterum
Lota lota,Hydropsyche pellucidula
Lota lota,Heptagenia sulphurea
Lota lota,Coregonus sardinella
Lota lota,Barbus barbus
Lota lota,Thymallus thymallus
Lota lota,Australoheros facetus
Lota lota,Barbatula barbatula
Lota lota,Couesius plumbeus
Lota lota,Sander lucioperca
Lota lota,Notropis atherinoides
Lota lota,Oncorhynchus mykiss
Oncorhynchus nerka,Clupea pallasii
Neogobius melanostomus,Echinogammarus ischnus
Neogobius melanostomus,Bithynia tentaculata
Neogobius melanostomus,Echinogammarus berilloni
Neogobius melanostomus,Dikerogammarus villosus
Neogobius melanostomus,Gammarus pulex
Neogobius melanostomus,Asellus aquaticus
Neogobius melanostomus,Gammarus fossarum
Neogobius melanostomus,Dreissena polymorpha
Neogobius melanostomus,Potamopyrgus antipodarum
Neogobius melanostomus,Neogobius melanostomus
Neogobius melanostomus,Gammarus fasciatus
Neogobius melanostomus,Squalius cephalus
Neogobius melanostomus,Gammarus roeselii
Neogobius melanostomus,Lepomis gibbosus
Neogobius melanostomus,Barbus barbus
Neogobius melanostomus,Agabus brunneus
Neogobius melanostomus,Deronectes opatrinus
Neogobius melanostomus,Deronectes latus
Neogobius melanostomus,Deronectes moestus
Neogobius melanostomus,Hydroporus memnonius
Neogobius melanostomus,Hydroporus sabaudus
Neogobius melanostomus,Chironomus longistylus
Coregonus artedi,Coregonus artedi
Coregonus artedi,Daphnia galeata
Lates calcarifer,Macrobrachium rosenbergii
Lates calcarifer,Chanos chanos
Lates calcarifer,Melanotaenia splendida
Lates calcarifer,Cyprinus carpio
Lates calcarifer,Lates calcarifer
Cheimarrichthys fosteri,Zelandobius furcillatus
Coregonus clupeaformis,Daphnia galeata
Coregonus clupeaformis,Dreissena polymorpha
Coregonus clupeaformis,Neogobius melanostomus
Coregonus clupeaformis,Oncorhynchus nerka
Coregonus clupeaformis,Catostomus commersonii
Dallia pectoralis,Dallia pectoralis
Gobius paganellus,Crangon crangon
Gobius paganellus,Carcinus maenas
Gobius paganellus,Palaemon longirostris
Gobius paganellus,Palaemon elegans
Gobius paganellus,Pagurus bernhardus
Gobius paganellus,Gobius niger
Gobius paganellus,Gobius paganellus
Boreogadus saida,Boreogadus saida
Tinca tinca,Agabus brunneus
Tinca tinca,Deronectes opatrinus
Tinca tinca,Deronectes latus
Tinca tinca,Deronectes moestus
Tinca tinca,Hydroporus memnonius
Tinca tinca,Hydroporus sabaudus
Tinca tinca,Ecdyonurus insignis
Tinca tinca,Gammarus tigrinus
Tinca tinca,Serratella ignita
Tinca tinca,Ischnura pumilio
Tinca tinca,Planorbarius corneus
Tinca tinca,Ephemera danica
Tinca tinca,Coenagrion puella
Tinca tinca,Calopteryx virgo
Tinca tinca,Ischnura elegans
Tinca tinca,Caenis luctuosa
Tinca tinca,Agabus didymus
Tinca tinca,Agapetus fuscipes
Tinca tinca,Leuctra fusca
Tinca tinca,Planorbis carinatus
Tinca tinca,Dinocras cephalotes
Tinca tinca,Rhyacophila dorsalis
Tinca tinca,Deronectes aubei
Tinca tinca,Echinogammarus ischnus
Tinca tinca,Aphelocheirus aestivalis
Tinca tinca,Dikerogammarus villosus
Tinca tinca,Nemurella pictetii
Tinca tinca,Ancylus fluviatilis
Tinca tinca,Physa fontinalis
Tinca tinca,Leucaspius delineatus
Tinca tinca,Echinogammarus berilloni
Tinca tinca,Astacus astacus
Tinca tinca,Ecdyonurus venosus
Tinca tinca,Agabus bipustulatus
Tinca tinca,Baetis vernus
Tinca tinca,Baetis rhodani
Tinca tinca,Rhithrogena semicolorata
Tinca tinca,Drusus annulatus
Tinca tinca,Planorbis planorbis
Tinca tinca,Gammarus fossarum
Tinca tinca,Gammarus lacustris
Tinca tinca,Cloeon dipterum
Tinca tinca,Hydropsyche pellucidula
Tinca tinca,Gammarus roeselii
Tinca tinca,Heptagenia sulphurea
Tinca tinca,Gammarus pulex
Tinca tinca,Procambarus clarkii
Tinca tinca,Potamopyrgus antipodarum
Sander lucioperca,Leucaspius delineatus
Sander lucioperca,Alburnus alburnus
Sander lucioperca,Pomatoschistus minutus
Sander lucioperca,Carassius carassius
Sander lucioperca,Tinca tinca
Sander lucioperca,Gymnocephalus cernua
Sander lucioperca,Perca fluviatilis
Sander lucioperca,Platichthys flesus
Sander lucioperca,Gasterosteus aculeatus
Sander lucioperca,Rutilus rutilus
Sander lucioperca,Anguilla anguilla
Sander lucioperca,Sander lucioperca
Sander lucioperca,Pseudorasbora parva
Sander lucioperca,Squalius cephalus
Sander lucioperca,Carassius gibelio
Sander lucioperca,Salvelinus namaycush
Sander lucioperca,Ctenopharyngodon idella
Sander lucioperca,Carassius auratus
Sander lucioperca,Petromyzon marinus
Sander lucioperca,Astacus astacus
Sander lucioperca,Hypophthalmichthys nobilis
Sander lucioperca,Gobio gobio
Sander lucioperca,Barbus barbus
Sander lucioperca,Thymallus thymallus
Sander lucioperca,Barbatula barbatula
Sander lucioperca,Salmo salar
Sander lucioperca,Cyprinus carpio
Sander lucioperca,Lepomis gibbosus
Sander lucioperca,Neogobius melanostomus
Sander lucioperca,Lota lota
Sander lucioperca,Oncorhynchus mykiss
Sander lucioperca,Salvelinus fontinalis
Sander lucioperca,Micropterus salmoides
Sander lucioperca,Esox lucius
Sander lucioperca,Salmo trutta
Esox masquinongy,Sander vitreus
Esox masquinongy,Cyprinus carpio
Esox masquinongy,Cyprinella spiloptera
Esox masquinongy,Pimephales notatus
Esox masquinongy,Ameiurus nebulosus
Esox masquinongy,Lepomis macrochirus
Esox masquinongy,Dorosoma cepedianum
Esox masquinongy,Pimephales promelas
Esox masquinongy,Labidesthes sicculus
Esox masquinongy,Micropterus salmoides
Esox masquinongy,Coregonus artedi
Esox masquinongy,Lepomis gibbosus
Esox masquinongy,Catostomus commersonii
Terapon jarbua,Penaeus monodon
Terapon jarbua,Chanos chanos
Thymallus arcticus,Oncorhynchus keta
Platichthys flesus,Glossiphonia complanata
Platichthys flesus,Ancylus fluviatilis
Platichthys flesus,Carcinus maenas
Platichthys flesus,Pomatoschistus minutus
Platichthys flesus,Crangon crangon
Platichthys flesus,Rutilus rutilus
Platichthys flesus,Corophium volutator
Platichthys flesus,Gammarus pulex
Platichthys flesus,Platichthys flesus
Platichthys flesus,Aphelocheirus aestivalis
Platichthys flesus,Radix balthica
Platichthys flesus,Saduria entomon
Platichthys flesus,Pomatoschistus microps
Platichthys flesus,Hydropsyche pellucidula
Platichthys flesus,Littorina saxatilis
Platichthys flesus,Pleuronectes platessa
Platichthys flesus,Potamopyrgus antipodarum
Acipenser fulvescens,Lasmigona complanata
Acipenser fulvescens,Dreissena polymorpha
Acipenser fulvescens,Lampsilis siliquoidea
Acipenser fulvescens,Catostomus commersonii
Acipenser fulvescens,Erpobdella octoculata
Acipenser fulvescens,Pungitius pungitius
Thymallus thymallus,Aphelocheirus aestivalis
Thymallus thymallus,Oncorhynchus nerka
Thymallus thymallus,Limnius volckmari
Thymallus thymallus,Ancylus fluviatilis
Thymallus thymallus,Ecdyonurus insignis
Thymallus thymallus,Serratella ignita
Thymallus thymallus,Ephemera danica
Thymallus thymallus,Gasterosteus aculeatus
Thymallus thymallus,Caenis luctuosa
Thymallus thymallus,Elmis aenea
Thymallus thymallus,Agapetus fuscipes
Thymallus thymallus,Leuctra fusca
Thymallus thymallus,Dinocras cephalotes
Thymallus thymallus,Rhyacophila dorsalis
Thymallus thymallus,Bithynia tentaculata
Thymallus thymallus,Erpobdella octoculata
Thymallus thymallus,Nemurella pictetii
Thymallus thymallus,Glossiphonia complanata
Thymallus thymallus,Ecdyonurus venosus
Thymallus thymallus,Baetis vernus
Thymallus thymallus,Baetis rhodani
Thymallus thymallus,Rhithrogena semicolorata
Thymallus thymallus,Drusus annulatus
Thymallus thymallus,Asellus aquaticus
Thymallus thymallus,Cloeon dipterum
Thymallus thymallus,Hydropsyche pellucidula
Thymallus thymallus,Heptagenia sulphurea
Thymallus thymallus,Salmo salar
Thymallus thymallus,Anguilla anguilla
Thymallus thymallus,Gammarus pulex
Cyprinella lutrensis,Xyrauchen texanus
Oreochromis niloticus,Gambusia affinis
Oreochromis niloticus,Oreochromis niloticus
Oncorhynchus gorbuscha,Clupea pallasii
Salmo salar,Serratella ignita
Salmo salar,Elmis aenea
Salmo salar,Gasterosteus aculeatus
Salmo salar,Rhyacophila dorsalis
Salmo salar,Limnius volckmari
Salmo salar,Ancylus fluviatilis
Salmo salar,Crangon crangon
Salmo salar,Hydropsyche pellucidula
Salmo salar,Alosa pseudoharengus
Salmo salar,Pungitius pungitius
Salmo salar,Agabus brunneus
Salmo salar,Deronectes latus
Salmo salar,Deronectes moestus
Salmo salar,Deronectes opatrinus
Salmo salar,Hydroporus memnonius
Salmo salar,Hydroporus sabaudus
Salmo salar,Ecdyonurus insignis
Salmo salar,Gammarus tigrinus
Salmo salar,Ischnura pumilio
Salmo salar,Carassius carassius
Salmo salar,Ephemera danica
Salmo salar,Pseudorasbora parva
Salmo salar,Squalius cephalus
Salmo salar,Carassius gibelio
Salmo salar,Salvelinus namaycush
Salmo salar,Ctenopharyngodon idella
Salmo salar,Coenagrion puella
Salmo salar,Calopteryx virgo
Osmerus mordax,Alosa pseudoharengus
Osmerus mordax,Coregonus artedi
Osmerus mordax,Daphnia galeata
Labidesthes sicculus,Labidesthes sicculus
Lepomis macrochirus,Faxonius rusticus
Lepomis macrochirus,Carassius auratus
Lepomis macrochirus,Cyprinus carpio
Lepomis macrochirus,Corbicula fluminea
Lepomis macrochirus,Hyalella azteca
Lepomis macrochirus,Gammarus fasciatus
Lepomis macrochirus,Gammarus tigrinus
Oreochromis mossambicus,Oreochromis mossambicus
Danio rerio,Daphnia magna
Gambusia affinis,Culex pipiens
Gambusia affinis,Gambusia affinis
Gambusia affinis,Poeciliopsis occidentalis
Gambusia affinis,Daphnia magna
Squalius cephalus,Dikerogammarus villosus
Squalius cephalus,Gobio gobio
Squalius cephalus,Anguilla anguilla
Squalius cephalus,Rutilus rutilus
Squalius cephalus,Caenis luctuosa
Squalius cephalus,Elmis aenea
Squalius cephalus,Rhyacophila dorsalis
Squalius cephalus,Limnius volckmari
Squalius cephalus,Ancylus fluviatilis
Squalius cephalus,Serratella ignita
Squalius cephalus,Baetis vernus
Squalius cephalus,Baetis rhodani
Squalius cephalus,Rhithrogena semicolorata
Squalius cephalus,Asellus aquaticus
Aplodinotus grunniens,Corbicula fluminea
Aplodinotus grunniens,Dreissena polymorpha
Ameiurus natalis,Ameiurus natalis
Alosa pseudoharengus,Corophium volutator
Perca fluviatilis,Pomatoschistus minutus
Perca fluviatilis,Gammarus pulex
Perca fluviatilis,Rutilus rutilus
Perca fluviatilis,Lepomis gibbosus
Perca fluviatilis,Corophium volutator
Perca fluviatilis,Neogobius melanostomus
Perca fluviatilis,Gammarus roeselii
Perca fluviatilis,Procambarus clarkii
Perca fluviatilis,Alburnus alburnus
Perca fluviatilis,Salmo salar
Perca fluviatilis,Oncorhynchus mykiss
Sander vitreus,Osmerus mordax
Sander vitreus,Daphnia galeata
Sander vitreus,Notropis atherinoides
Sander vitreus,Oncorhynchus nerka
Sander vitreus,Aplodinotus grunniens
Sander vitreus,Oncorhynchus kisutch
Sander vitreus,Oncorhynchus mykiss
Sander vitreus,Etheostoma nigrum
Sander vitreus,Alosa pseudoharengus
Sander vitreus,Oncorhynchus tshawytscha
Sander vitreus,Morone chrysops
Sander vitreus,Carassius auratus
Sander vitreus,Dorosoma cepedianum
Sander vitreus,Perca fluviatilis
Sander vitreus,Sander vitreus
Sander vitreus,Neogobius melanostomus
Sander vitreus,Salvelinus namaycush
Sander vitreus,Coregonus artedi
Sander vitreus,Salvelinus fontinalis
Sander vitreus,Ameiurus nebulosus
Sander vitreus,Lota lota
Sander vitreus,Lepomis gibbosus
Sander vitreus,Pungitius pungitius
Sander vitreus,Catostomus commersonii
Sander vitreus,Micropterus salmoides
Anguilla dieffenbachii,Zelandobius furcillatus
Anguilla dieffenbachii,Potamopyrgus antipodarum
Gillichthys mirabilis,Fundulus parvipinnis
Lates niloticus,Labeo victorianus
Lates niloticus,Oreochromis niloticus
Lates niloticus,Lates niloticus
Gobiomorphus cotidianus,Zelandobius furcillatus
Gobiomorphus cotidianus,Potamopyrgus antipodarum
Leucaspius delineatus,Ecdyonurus insignis
Leucaspius delineatus,Serratella ignita
Leucaspius delineatus,Ephemera danica
Leucaspius delineatus,Caenis luctuosa
Leucaspius delineatus,Agapetus fuscipes
Leucaspius delineatus,Leuctra fusca
Leucaspius delineatus,Dinocras cephalotes
Leucaspius delineatus,Rhyacophila dorsalis
Leucaspius delineatus,Nemurella pictetii
Leucaspius delineatus,Baetis vernus
Leucaspius delineatus,Ecdyonurus venosus
Leucaspius delineatus,Baetis rhodani
Leucaspius delineatus,Heptagenia sulphurea
Leucaspius delineatus,Rhithrogena semicolorata
Leucaspius delineatus,Drusus annulatus
Leucaspius delineatus,Hydropsyche pellucidula
Leucaspius delineatus,Cloeon dipterum
Leucaspius delineatus,Leucaspius delineatus
Oncorhynchus mykiss,Oncorhynchus nerka
Oncorhynchus mykiss,Pteronarcys californica
Oncorhynchus mykiss,Dikerogammarus villosus
Oncorhynchus mykiss,Gammarus roeselii
Oncorhynchus mykiss,Gammarus pulex
Oncorhynchus mykiss,Gasterosteus aculeatus
Oncorhynchus mykiss,Gobiomorphus cotidianus
Oncorhynchus mykiss,Galaxias zebratus
Oncorhynchus mykiss,Chironomus thummi
Oncorhynchus mykiss,Oncorhynchus mykiss
Oncorhynchus mykiss,Retropinna retropinna
Oncorhynchus mykiss,Galaxias maculatus
Oncorhynchus mykiss,Salmo trutta
Oncorhynchus mykiss,Salvelinus fontinalis
Notemigonus crysoleucas,Daphnia galeata
